year,q_no,part,topic_code,topic_name,form,answer_type,confidence,has_shared_stem,shared_stem,question_text
2018,1,Probability,P1,"Classical & Axiomatic Probability, Consequences",PLAIN,EXPR,A,N,,"Let $A_1,A_2,A_3,A_4$ be independent events with $P(A_1)=\dfrac12,\ P(A_2)=\dfrac14,\ P(A_3)=\dfrac18,\ P(A_4)=\dfrac{1}{16}$. What is $P(A_1\cup A_2\cup A_3\cup A_4)$? (a) $\dfrac{15}{16}$ (b) $\dfrac{1023}{1024}$ (c) $\dfrac{709}{1024}$ (d) $\dfrac{315}{1024}$"
2018,2,Probability,P1,"Classical & Axiomatic Probability, Consequences",PLAIN,EXPR,A,N,,A lot of 15 mobiles has 4 defectives. Mobiles are examined one by one without replacement. The probability that the 9th mobile examined is the last defective is (a) $\dfrac{56}{195}$ (b) $\dfrac{8}{195}$ (c) $\dfrac17$ (d) $\dfrac{24}{65}$
2018,3,Probability,P3,Random Variables & Distribution Functions,PLAIN,EXPR,A,N,,"$X$ has p.d.f. $$f(x)=\begin{cases}\dfrac{x}{2}, & 0<x\le1\\[4pt] \dfrac12, & 1<x\le2\\[4pt] \dfrac{3-x}{3}, & 2<x\le3\end{cases}$$ What is $P(1.5<X\le2.5\mid X>1)$? (a) $\dfrac38$ (b) $\dfrac12$ (c) $\dfrac58$ (d) $\dfrac14$"
2018,4,Probability,P2,"Conditional Probability, Law of Total Probability, Bayes' Theorem",PLAIN,EXPR,A,N,,"Urn 1 has 7 white, 10 black balls; urn 2 has 5 white, 12 black; urn 3 has 17 white only. An urn is chosen at random and a ball drawn is white. What are the probabilities it came from urn 1, 2, 3 respectively? (a) $\dfrac{7}{29},\dfrac{6}{29},\dfrac{18}{29}$ (b) $\dfrac{7}{29},\dfrac{5}{29},\dfrac{20}{29}$ (c) $\dfrac{7}{29},\dfrac{5}{29},\dfrac{17}{29}$ (d) None of the above"
2018,5,Probability,P6,"Random Vectors: Joint, Marginal & Conditional Distributions",MSA,SEL,A,N,,"$X,Y$ have joint p.d.f. $$f(x,y)=\begin{cases}\dfrac{1+xy}{4}, & |x|<1,\ |y|<1\\[4pt] 0, & \text{otherwise}\end{cases}$$ 1. $X$ and $Y$ are independent. 2. $X^2$ and $Y^2$ are independent. (a) 1 only (b) 2 only (c) Both 1 and 2 (d) Neither 1 nor 2"
2018,6,Probability,P8,Mathematical Expectation & Conditional Expectation,PLAIN,SEL,A,N,,"$X$ has p.d.f. $f(x)=2/x^3,\ x\ge1$ (and $0$ for $x<1$). Which is correct? (a) Both mean and variance exist. (b) Mean exists but variance does not. (c) Neither mean nor variance exists. (d) Variance exists but mean does not."
2018,7,Probability,P4,Standard Discrete Distributions,PLAIN,SEL,A,N,,"$X\sim\text{Binomial}(n=13,p=0.3)$. 1. The mode of $X$ is $3$. 2. The distribution is negatively skewed. (a) 1 only (b) 2 only (c) Both 1 and 2 (d) Neither 1 nor 2"
2018,8,Probability,P7,Distributions of Functions of Random Variables,PLAIN,NAME,C,N,,"If $X\sim N(4,100)$, the distribution of $Y=\dfrac12\left(\dfrac{X-4}{10}\right)^2$ is (a) Exponential with mean $4$ (b) Chi-square with 1 degree of freedom (c) Gamma distribution with parameter $1/2$ (d) Normal with mean 4 and variance 10"
2018,9,Probability,P7,Distributions of Functions of Random Variables,PLAIN,NAME,C,N,,"$X\sim G(\alpha_1,\beta)$, $Y\sim G(\alpha_2,\beta)$ independent. $\dfrac{X}{X+Y}$ is distributed as (a) $G(\alpha_1+\alpha_2,\beta)$ (b) $\beta_1(\alpha_1,\alpha_2)$ (c) $U(0,1)$ (d) $G(\alpha_1,\alpha_2)$"
2018,10,Probability,P5,Standard Continuous Distributions,PLAIN,SEL,C,N,,"For $f(x)=\theta e^{-\theta x},\ x>0$: 1. Variance $>$ mean if $0<\theta<1$. 2. Variance $=$ mean if $\theta=1$. 3. Variance $<$ mean if $\theta>1$. (a) 1 and 3 only (b) 2 and 3 only (c) 1 and 2 only (d) 1, 2 and 3"
2018,11,Probability,P8,Mathematical Expectation & Conditional Expectation,PLAIN,EXPR,A,N,,"A rod of length $2l$ is broken at random into two pieces. The mean and variance of the length of the shorter piece are (a) $\dfrac l2,\ \dfrac{l^2}{3}$ (b) $l,\ \dfrac{l^2}{3}$ (c) $\dfrac l2,\ \dfrac{l^2}{12}$ (d) $l,\ \dfrac{l^2}{12}$"
2018,12,Probability,P6,"Random Vectors: Joint, Marginal & Conditional Distributions",PLAIN,EXPR,A,N,,"The joint distribution function of $X,Y$ is $F(x,y)=(1-e^{-x})(1-e^{-y})$ for $x,y>0$ (else $0$). What is $P(|X-Y|\le10)$? (a) $1-e^{-10}$ (b) $\dfrac12(1-e^{-10})$ (c) $1-\dfrac{e^{-10}}{2}$ (d) None of the above"
2018,13,Probability,P6,"Random Vectors: Joint, Marginal & Conditional Distributions",PLAIN,EXPR,A,N,,"$X,Y$ have joint p.d.f. $f(x,y)=2e^{-x}e^{-2y},\ 0<x,y<\infty$. What is $P(X<Y)$? (a) $\dfrac13$ (b) $\dfrac12$ (c) $\dfrac14$ (d) $\dfrac16$"
2018,14,Probability,P8,Mathematical Expectation & Conditional Expectation,PLAIN,EXPR,C,N,,"$X,Y$ have joint p.d.f. $f(x,y)=\dfrac13(x+y),\ 0<x<1,\ 0<y<2$. What is $E[3X(X+2Y)]$? (a) $\dfrac92$ (b) $\dfrac{29}{6}$ (c) $\dfrac{31}{6}$ (d) $\dfrac{11}{2}$"
2018,15,Probability,P6,"Random Vectors: Joint, Marginal & Conditional Distributions",MSA,SEL,A,N,,"Joint pmf of $X,Y$: | $Y\backslash X$ | $-1$ | $0$ | $1$ | |---|---|---|---| | $-1$ | $1/6$ | $1/3$ | $1/6$ | | $0$ | $0$ | $0$ | $0$ | | $1$ | $1/6$ | $0$ | $1/6$ | 1. $X,Y$ are independent. 2. $\text{Cov}(X,Y)=0$. (a) 1 only (b) 2 only (c) Both 1 and 2 (d) Neither 1 nor 2"
2018,16,Probability,P8,Mathematical Expectation & Conditional Expectation,MSA,SEL,C,N,,"$X$ has p.d.f. $f(x)=1+x$ for $-1<x\le0$; $1-x$ for $0<x<1$ (else $0$). $U=X,\ V=X^2$. 1. $\text{Cov}(U,V)=0$. 2. $U,V$ are independent. (a) 1 only (b) 2 only (c) Both 1 and 2 (d) Neither 1 nor 2"
2018,17,Probability,P9,"Characteristic Function, MGF & PGF; Inversion, Uniqueness, Continuity",PLAIN,NUM,A,N,,"$X,Y$ independent normal, means $10,5$, variances $9,4$. $Z=4X-5Y$. The MGF $M_Z(t)$ is (a) $\exp[15t+22t^2]$ (b) $\exp[15t-22t^2]$ (c) $\exp[15t+122t^2]$ (d) $\exp[15t-122t^2]$"
2018,18,Probability,P9,"Characteristic Function, MGF & PGF; Inversion, Uniqueness, Continuity",PLAIN,EXPR,A,N,,A fair die is thrown repeatedly until $3$ or $4$ appears. $X$ = number of throws. The p.g.f. of $X$ for $|s|<3/2$ is (a) $P(s)=\dfrac{2s}{3-s}$ (b) $P(s)=\dfrac{s}{3-2s}$ (c) $P(s)=\dfrac{3-s}{2s}$ (d) $P(s)=\dfrac{3-2s}{s}$
2018,19,Probability,P12,Tchebycheff's & Kolmogorov's Inequalities,PLAIN,NUM,B,N,,"Weekly automobile sales have $E=16$, $\text{Var}=9$. The probability that next week's sales are between 10 and 22 is at least (a) $0.50$ (b) $0.56$ (c) $0.75$ (d) $0.95$"
2018,20,Probability,P7,Distributions of Functions of Random Variables,PLAIN,NUM,C,N,,"$X$ has p.d.f. $f(x)=\dfrac{kx^3}{(1+2x)^6},\ x>0$. $Y=\dfrac{2X}{1+2X}$ is a Beta distribution of the first kind with parameters: (a) $m=4,n=2$ (b) $m=5,n=1$ (c) $m=3,n=3$ (d) $m=5,n=2$"
2018,21,Statistical Methods,S1,"Collection, Compilation & Presentation of Data; Frequency Distributions",MSA,SEL,B,N,,"Consider the following statements: 1. The weight of a strawberry box is measured on an interval scale. 2. The number of students admitted to each IIM in 2007 is cross-sectional data. 3. Barcodes for items in a departmental store are measured on a nominal scale. (a) 1 and 2 only (b) 1 and 3 only (c) 2 and 3 only (d) 1, 2 and 3"
2018,22,Statistical Methods,S8,"Correlation: Distribution of r, Partial, Multiple, Intraclass, Correlation Ratio",PLAIN,EXPR,C,N,,The minimum value of $\text{Var}(Y-aX)$ over all $a$ is (a) $\rho^2\dfrac{\text{Var}(Y)}{\text{Var}(X)}$ (b) $\rho^2\dfrac{\text{Var}(X)}{\text{Var}(Y)}$ (c) $\rho^2\text{Var}(Y)$ (d) $(1-\rho^2)\text{Var}(Y)$
2018,23,Statistical Methods,S3,Skewness & Kurtosis (Moments),PLAIN,NUM,A,N,,"For a frequency distribution: Mean $=62$, Median $=65$, Coefficient of skewness $=-0.3$. The standard deviation is (a) $10$ (b) $30$ (c) $90$ (d) $300$"
2018,24,Statistical Methods,S4,Bivariate & Multivariate Data; Association & Contingency,MSA,EXPR,A,N,,"Smoking habits (father, son): 1. Father smoker, son smoker: 50 2. Father smoker, son not: 10 3. Father not, son smoker: 10 4. Neither smoker: 30 The coefficient of association between smoking habits of father and son is (a) $0$ (b) $\dfrac78$ (c) $-\dfrac78$ (d) $\dfrac14$"
2018,25,Statistical Methods,S4,Bivariate & Multivariate Data; Association & Contingency,MSA,SEL,A,N,,"Consider the following statements: 1. Attributes $A,B$ are positively associated if the presence of $A$ is accompanied by the presence of $B$. 2. $A,B$ are negatively associated if the presence of $A$ ensures the absence of $B$ or vice versa. 3. $A,B$ are independent if the presence/absence of one has a linear relationship with the other. (a) 1, 2 and 3 (b) 1 and 2 only (c) 1 and 3 only (d) 2 and 3 only"
2018,26,Statistical Methods,S7,Regression - Linear & Polynomial,PLAIN,EXPR,A,N,,"If the joint p.d.f. of $(X,Y)$ is $f(x,y)=\dfrac13x^2e^{-y(1+x)},\ x\ge0,y\ge0$, the regression equation of $Y$ on $X$ is (a) $y=\dfrac{1}{1+x}$ (b) $y=\dfrac{x^2}{1+x}$ (c) $y=1+x$ (d) $y=\dfrac{x^2}{2(1+x)^2}$"
2018,27,Statistical Methods,S6,Bivariate Normal Distribution,MSA,SEL,A,N,,"Let $(X,Y)\sim BVN(\mu_1,\mu_2,\sigma_1^2,\sigma_2^2,\rho)$. 1. $X,Y$ are independent iff $\rho=0$. 2. Every linear combination of $X,Y$ is a normal variate. 3. The regressions of $Y$ on $X$ and $X$ on $Y$ are linear and homoscedastic. (a) 1 and 2 only (b) 2 and 3 only (c) 1 and 3 only (d) 1, 2 and 3"
2018,28,Statistical Methods,S8,"Correlation: Distribution of r, Partial, Multiple, Intraclass, Correlation Ratio",PLAIN,NAME,A,N,,"The correlation between Maths and Statistics marks for 60 students is $0.65$. After Maths marks are all increased by 3, the correlation between original Statistics marks and revised Maths marks is (a) $0.60$ (b) $0.65$ (c) $0.70$ (d) Almost $1$"
2018,29,Statistical Methods,S8,"Correlation: Distribution of r, Partial, Multiple, Intraclass, Correlation Ratio",PLAIN,EXPR,A,N,,"If the zero-order correlation coefficients among 3 variates all equal $\rho$, the multiple correlation $R^2_{1.23}$ equals (a) $\rho$ (b) $\dfrac{2\rho^2}{1+\rho}$ (c) $\dfrac{\rho^2}{1+\rho}$ (d) $+1$"
2018,30,Statistical Methods,S8,"Correlation: Distribution of r, Partial, Multiple, Intraclass, Correlation Ratio",PLAIN,EXPR,C,N,,"If $r$ is the correlation coefficient of a sample of $N$ independent observations from a bivariate normal population with true correlation zero, then $E(1-r^2)^{-1}$ is (a) $\dfrac{N-3}{N-4}$ (b) $\dfrac{2(N-3)}{N-4}$ (c) $0$ (d) $1$"
2018,31,Statistical Methods,S8,"Correlation: Distribution of r, Partial, Multiple, Intraclass, Correlation Ratio",PLAIN,NUM,A,N,,"If $ax_1+bx_2+cx_3=0$ holds identically for all $x_1,x_2,x_3$, the partial correlation coefficient $r_{12.3}$ is (a) $0$ (b) $1$ (c) $-1$ (d) $0.5$"
2018,32,Statistical Methods,S8,"Correlation: Distribution of r, Partial, Multiple, Intraclass, Correlation Ratio",PLAIN,EXPR,A,N,,"$X_1,X_2,X_3,X_4$ are four uncorrelated random variables, each with variance $\sigma^2$. What is the correlation between $U=X_1+X_2+X_3$ and $V=X_1+X_2+X_4$? (a) $0$ (b) $1$ (c) $\dfrac13$ (d) $\dfrac23$"
2018,33,Probability,P13,Laws of Large Numbers & Central Limit Theorems,PLAIN,EXPR,B,N,,"$(X_1,\ldots,X_n)$ is a random sample of size $n$ from $U[-3,3]$. The large-sample distribution of $\sqrt n\,\bar X$ is (a) $N(0,1)$ (b) $N(0,3)$ (c) $U\!\left[-\dfrac{3}{\sqrt n},\dfrac{3}{\sqrt n}\right]$ (d) $U\!\left[-\dfrac3n,\dfrac3n\right]$"
2018,34,Statistical Methods,S10,"Sampling Distributions: Sample Mean, Sample Variance, t, Chi-square, F",PLAIN,NUM,C,N,,"A normal population has mean $0.1$, SD $2.1$. What is the probability that the mean of a sample of size $900$ is negative? [Given $P(0<Z<1.43)=0.4236$] (a) $0.0764$ (b) $0.6408$ (c) $0.6074$ (d) $0.7046$"
2018,35,Statistical Methods,S10,"Sampling Distributions: Sample Mean, Sample Variance, t, Chi-square, F",PLAIN,EXPR,C,N,,"$(X_1,\ldots,X_5)$ are independent standard normal. The variable $\dfrac{C(X_1+X_2)}{(X_3^2+X_4^2+X_5^2)^{1/2}}$ has a $t$-distribution if $C$ equals (a) $\dfrac{\sqrt3}{2}$ (b) $\sqrt{\dfrac32}$ (c) $\dfrac32$ (d) $\sqrt{\dfrac23}$"
2018,36,Statistical Methods,S10,"Sampling Distributions: Sample Mean, Sample Variance, t, Chi-square, F",PLAIN,EXPR,C,N,,"If $X\sim F(m,n)$ with $m>2,n>2$, then $E(X)\,E(1/X)$ equals (a) $\dfrac{n(n-2)}{m(m-2)}$ (b) $\dfrac{m(m-2)}{n(n-2)}$ (c) $\dfrac{mn}{(m-2)(n-2)}$ (d) $\dfrac{m(n-2)}{n(m-2)}$"
2018,37,Statistical Methods,S12,Non-parametric Tests,PLAIN,NAME,A,N,,Which non-parametric test is analogous to the chi-square goodness-of-fit test? (a) Mann–Whitney test (b) Kolmogorov–Smirnov test (c) Wilcoxon test (d) Median test
2018,38,Statistical Methods,S10,"Sampling Distributions: Sample Mean, Sample Variance, t, Chi-square, F",MSA,SEL,A,N,,"Consider the following statements: 1. The normal distribution is a special case of the chi-square distribution with 1 degree of freedom. 2. All moments of order less than $n$ of the $t$-distribution with $n$ df exist. 3. If $t$ follows Student's $t$ with $n$ df, then $t^2$ follows $F(1,n)$. (a) 1 only (b) 1 and 2 only (c) 2 and 3 only (d) 1, 2 and 3"
2018,39,Statistical Methods,S13,"Order Statistics - Minimum, Maximum, Range, Median",PLAIN,EXPR,A,N,,"For a random sample of size 2 from $N(0,\sigma^2)$, what is $E[X_{(1)}]$ (first order statistic)? (a) $\dfrac{2\sigma}{\sqrt\pi}$ (b) $\dfrac{\sigma}{\pi}$ (c) $-\dfrac{\sigma}{\sqrt\pi}$ (d) $-\dfrac{\sigma}{\sqrt{2\pi}}$"
2018,40,Statistical Methods,S13,"Order Statistics - Minimum, Maximum, Range, Median",PLAIN,NUM,A,N,,"If $X_i,\ i=1,\ldots,n$ are iid with c.d.f. $F(x)=x,\ 0\le x\le1$, the p.d.f. $g(r)$ of the range $R=X_{(n)}-X_{(1)}$ is (a) $n(n-1)r^{n-2}(1-r)$ (b) $n(n-1)r(1-r)^{n-2}$ (c) $nr^{n-1}$ (d) $(n-1)r^{n-2}$"
2018,41,Numerical Analysis,N1,"Finite Differences: Operators, Factorial Polynomials, Separation of Symbols",PLAIN,NUM,B,N,,"Given $f(1)=12,f(2)=40,f(3)=90,f(4)=168,f(5)=280,f(6)=432$, the degree of the polynomial $f(x)$ is at least (a) $2$ (b) $3$ (c) $4$ (d) $5$"
2018,42,Numerical Analysis,N1,"Finite Differences: Operators, Factorial Polynomials, Separation of Symbols",PLAIN,NUM,A,N,,"$f(x)=x^3$ is represented as the factorial polynomial $f(x)=Ax^{(3)}+Bx^{(2)}+Cx+D$ with interval of differencing $h=2$. The values of $A,B,C,D$ are (a) $1,2,6,0$ (b) $1,6,4,0$ (c) $2,4,6,0$ (d) $2,2,6,1$"
2018,43,Numerical Analysis,N3,Divided Differences; Newton's & Lagrange's Formulae (Unequal Intervals),PLAIN,NAME,A,N,,The $n$th divided difference of an $n$th-degree polynomial is (a) a variable (b) a constant (c) zero (d) None of the above
2018,44,Numerical Analysis,N8,"Numerical Solution of Differential Equations - Euler, Milne, Picard, Runge-Kutta",PLAIN,EXPR,B,N,,"RK4 solves $\dfrac{dy}{dx}=f(x),\ y(0)=0$ with step $h$. The solution at $x=h$ is given by (a) $y(h)=\dfrac{h}{6}\left[3f(0)+f\!\left(\dfrac h2\right)+3f(h)\right]$ (b) $y(h)=\dfrac{h}{6}[f(0)+5f(h)]$ (c) $y(h)=\dfrac{h}{6}\left[f(0)+3f\!\left(\dfrac h2\right)+2f(h)\right]$ (d) $y(h)=\dfrac{h}{6}\left[f(0)+4f\!\left(\dfrac h2\right)+f(h)\right]$"
2018,45,Numerical Analysis,N1,"Finite Differences: Operators, Factorial Polynomials, Separation of Symbols",PLAIN,NAME,A,N,,"The images $f(n)$ of $n\in\{1,\ldots,99\}\setminus\{50\}$ are given. To estimate $f(50)$ from a forward difference table, the working hypothesis is (a) $f$ is a polynomial of degree $50$ (b) degree $99$ (c) degree $98$ (d) degree not more than $97$"
2018,46,Numerical Analysis,N1,"Finite Differences: Operators, Factorial Polynomials, Separation of Symbols",TBL,NUM,B,N,,Table: | $x$ | 1 | 2 | 3 | 4 | 5 | |---|---|---|---|---|---| | $f(x)$ | 2 | 5 | 7 | $\alpha$ | 32 | The missing term $\alpha$ is (a) $14$ (b) $15$ (c) $16$ (d) $17$
2018,47,Numerical Analysis,N1,"Finite Differences: Operators, Factorial Polynomials, Separation of Symbols",PLAIN,NUM,A,N,,"Given $u_{10}=9,u_{20}=39,u_{30}=74,u_{40}=116,u_{50}=167$, the value of $E^{3/2}(u_{10})$ is (a) $35.75$ (b) $45.75$ (c) $55.75$ (d) $65.75$"
2018,48,Numerical Analysis,N1,"Finite Differences: Operators, Factorial Polynomials, Separation of Symbols",PLAIN,NUM,A,N,,The value of $k$ satisfying $\Delta^2(1+k\Delta^3)0^5=630$ is (a) $4$ (b) $5$ (c) $6$ (d) $7$
2018,49,Numerical Analysis,N1,"Finite Differences: Operators, Factorial Polynomials, Separation of Symbols",MSA,SEL,B,N,,Consider the following statements (interval of differencing $=1$): 1. $(E-2)^2(x\cdot2^x)=0$. 2. $(E-3)^3(x\cdot3^x)\ne0$. (a) 1 only (b) 2 only (c) Both 1 and 2 (d) Neither 1 nor 2
2018,50,Numerical Analysis,N2,Interpolation - Newton-Gregory Forward & Backward (Equal Intervals),TBL,NUM,A,N,,Population (in lakhs) of a town: | Year | 1971 | 1981 | 1991 | 2001 | 2011 | |---|---|---|---|---|---| | Population | 0.9 | 1.2 | 1.5 | 1.9 | 2.5 | $P_{2006}$ estimated by Newton's forward difference formula satisfies (a) $P_{2006}<2$ (b) $2<P_{2006}<2.1$ (c) $2.1<P_{2006}<2.2$ (d) $2.2<P_{2006}<2.3$
2018,51,Numerical Analysis,N3,Divided Differences; Newton's & Lagrange's Formulae (Unequal Intervals),TBL,NAME,A,N,,Table: | $x$ | 2 | 3 | $\alpha$ | 5 | |---|---|---|---|---| | $f(x)$ | 4 | 5 | 16 | 25 | $\alpha$ estimated by Lagrange's interpolation formula satisfies (a) $3.5<\alpha<4$ (b) $\alpha=4$ (c) $4<\alpha<4.2$ (d) $4.2<\alpha<4.5$
2018,52,Numerical Analysis,N1,"Finite Differences: Operators, Factorial Polynomials, Separation of Symbols",PLAIN,EXPR,B,N,,"If $\delta,\mu$ are the central difference and average operators, $\delta[f(x)g(x)]$ equals (a) $\mu f(x)\mu g(x)+\delta f(x)\delta g(x)$ (b) $\delta f(x)\delta g(x)-\mu f(x)\mu g(x)$ (c) $\mu f(x)\delta g(x)-\mu g(x)\delta f(x)$ (d) $\mu f(x)\delta g(x)+\mu g(x)\delta f(x)$"
2018,53,Numerical Analysis,N3,Divided Differences; Newton's & Lagrange's Formulae (Unequal Intervals),PLAIN,EXPR,A,N,,"If $f(x)=1/x$, the third divided difference $f[a,b,c,d]$ is (a) $\dfrac{1}{abcd}$ (b) $-\dfrac{1}{abcd}$ (c) $\dfrac{a-d}{ad}$ (d) $\dfrac1{ad}-\dfrac1{bc}$"
2018,54,Numerical Analysis,N3,Divided Differences; Newton's & Lagrange's Formulae (Unequal Intervals),PLAIN,NUM,A,N,,"$f(n^2)=n^3$ holds for $n=1,2,3$. Then $f(3)$ from Lagrange's interpolation is (a) $4.9$ (b) $5.1$ (c) $5.3$ (d) $5.5$"
2018,55,Numerical Analysis,N1,"Finite Differences: Operators, Factorial Polynomials, Separation of Symbols",MSA,SEL,A,N,,"The central difference $\delta$ is equivalent to which of the following? 1. $2\sinh\!\left(\dfrac{hD}{2}\right)$ 2. $E^{-1/2}\Delta$ 3. $\Delta(1+\Delta)^{-1/2}$ (a) 1 and 2 only (b) 2 and 3 only (c) 1 and 3 only (d) 1, 2 and 3"
2018,56,Numerical Analysis,N6,"Numerical Integration - Trapezoidal, Simpson's 1/3 & 3/8, Weddle's Rule",MSA,SEL,A,N,,"Consider the following statements on quadrature: 1. Geometrically, Simpson's one-third rule replaces the graph by $n/2$ arcs of second-degree polynomials. 2. Weddle's rule gives an exact result for a polynomial of degree 6 or less. (a) 1 only (b) 2 only (c) Both 1 and 2 (d) Neither 1 nor 2"
2018,57,Numerical Analysis,N6,"Numerical Integration - Trapezoidal, Simpson's 1/3 & 3/8, Weddle's Rule",PLAIN,EXPR,A,N,,"Using Simpson's three-eighth rule dividing the range into three equal parts, the value of $\displaystyle\int_0^{1/2}\sin(\pi x)\,dx$ is (a) $\dfrac{3(1+\sqrt2)}{32}$ (b) $\dfrac{5+3\sqrt3}{32}$ (c) $\dfrac{3+5\sqrt3}{32}$ (d) $\dfrac{3\sqrt3}{8}$"
2018,58,Numerical Analysis,N6,"Numerical Integration - Trapezoidal, Simpson's 1/3 & 3/8, Weddle's Rule",PLAIN,EXPR,B,N,,"The formula $\alpha f\!\left(-\dfrac12\right)+\beta f(0)+\gamma f\!\left(\dfrac12\right)$ approximates $\displaystyle\int_{-1}^1 f(x)\,dx$ exactly for every polynomial of degree less than 3. Then (a) $\alpha=\gamma=\dfrac43,\ \beta=-\dfrac23$ (b) $\alpha=\gamma=\dfrac13,\ \beta=0$ (c) $\alpha=\gamma=\dfrac43,\ \beta=1$ (d) $\alpha=\beta=\gamma$"
2018,59,Numerical Analysis,N6,"Numerical Integration - Trapezoidal, Simpson's 1/3 & 3/8, Weddle's Rule",PLAIN,NUM,A,N,,"Using the Trapezoidal rule with 10 equal parts, $\displaystyle\int_0^{10}2^x\,dx$ belongs to (a) $(1400,1450)$ (b) $(1450,1500)$ (c) $(1500,1550)$ (d) $(1550,1600)$"
2018,60,Numerical Analysis,N8,"Numerical Solution of Differential Equations - Euler, Milne, Picard, Runge-Kutta",PLAIN,EXPR,A,N,,"For $\dfrac{dy}{dx}=\dfrac{y}{x^2}$, $y(1)=1$, approximations $y_1,y_2$ by Picard's method with $y_0=y(1)$ have constant terms respectively (a) $1,1$ (b) $2,2$ (c) $2,\dfrac32$ (d) None of the above"
2018,61,Computer Application and Data Processing,C1,"Computer Organisation: CPU, ALU, Control & Memory Units, I/O Units",MSA,SEL,A,N,,"Consider the following statements: 1. ALU is a component of the Control Unit. 2. CPU is a component of the Control Unit. 3. The Control Unit is not a component of the ALU. 4. ALU is a component of the CPU. (a) 4 only (b) 3 and 4 only (c) 1 and 3 only (d) 2, 3 and 4"
2018,62,Computer Application and Data Processing,C4,Number Systems & Binary Arithmetic,PLAIN,NUM,A,N,,The decimal equivalent of octal $325.12$ is (a) $532.123$ (b) $213.15625$ (c) $213.56121$ (d) $124.123$
2018,63,Computer Application and Data Processing,C3,"Memory: RAM, ROM, Cache; Units of Memory & Storage Capacity",PLAIN,NUM,A,N,,"A system has 1024 memory locations, each storing 8 bits. How many address lines are required? (a) $8$ (b) $10$ (c) $16$ (d) $1024$"
2018,64,Computer Application and Data Processing,C5,"Software, Operating Systems, Packages & Utilities",PLAIN,NAME,A,N,,The core component of UNIX is (a) Command shell (b) Kernel (c) Directories and programs (d) None of the above
2018,65,Computer Application and Data Processing,C4,Number Systems & Binary Arithmetic,MSA,SEL,B,N,,"Regarding representations of negative integers, 2's complement is generally used because: 1. More numbers can be stored in 2's complement. 2. Arithmetic operations can be performed faster. 3. It is easy to represent negative numbers in 2's complement. (a) 1 and 3 only (b) 2 and 3 only (c) 1 and 2 only (d) 1, 2 and 3"
2018,66,Computer Application and Data Processing,C4,Number Systems & Binary Arithmetic,PLAIN,NAME,B,N,,The correct normalised form for $11.234$ is (a) $11.234$ (b) $.11234E+2$ (c) $.011234E+1$ (d) $1.1234E\times10$
2018,67,Computer Application and Data Processing,C4,Number Systems & Binary Arithmetic,PLAIN,NUM,A,N,,The maximum decimal integer that can be stored in an 8-bit word processor is (a) $(128)_{10}$ (b) $(127)_{10}$ (c) $(129)_{10}$ (d) $(130)_{10}$
2018,68,Computer Application and Data Processing,C9,"Programming Basics: Algorithm, Flowchart, Control Structures, Arrays, Functions",NEG,SEL,B,N,,"Which of these are *not* bitwise operators? 1. `&&` 2. `&` 3. `>>` 4. `!` 5. `%` (a) 2 and 3 only (b) 1, 3, 4 and 5 (c) 1, 2 and 5 (d) 1, 4 and 5"
2018,69,Computer Application and Data Processing,C3,"Memory: RAM, ROM, Cache; Units of Memory & Storage Capacity",PLAIN,NAME,A,N,,Which type of memory is the auxiliary memory? (a) SRAM (b) Magnetic tape (c) Flash ROM (d) Cache memory
2018,70,Computer Application and Data Processing,C6,"Languages, Compiler, Assembler, Interpreter; Low & High Level",PLAIN,SEL,A,N,,Which statement is correct? (a) A compiler translates and executes instructions simultaneously. (b) An interpreter translates and executes instructions simultaneously. (c) An interpreter can only translate machine-language programs. (d) None of the above
2018,71,Computer Application and Data Processing,C9,"Programming Basics: Algorithm, Flowchart, Control Structures, Arrays, Functions",PLAIN,NAME,B,N,,Code: ``` while (x != y) { if (x > y) x = x - y; else y = y - x; } ``` What does this compute? (a) $x \bmod y$ via repeated subtraction (b) $x\div y$ via repeated subtraction (c) The GCD of $x$ and $y$ (d) The LCM of $x$ and $y$
2018,72,Computer Application and Data Processing,C9,"Programming Basics: Algorithm, Flowchart, Control Structures, Arrays, Functions",MSA,SEL,A,N,,"Consider the following statements: 1. An array is a collection of elements of the same type. 2. Strings are character arrays where each character uses one byte. 3. An array can store elements of different types. 4. Strings can be data arrays too. (a) 1 and 3 only (b) 1 and 2 only (c) 3 and 4 only (d) 1, 2, 3 and 4"
2018,73,Computer Application and Data Processing,C4,Number Systems & Binary Arithmetic,MSA,SEL,A,N,,Consider the following statements: 1. Weighted 4-bit BCD code is known as the 1246-weighted code. 2. The octal system is also known as the base-8 system. 3. The octal system is known as the base-2 system. 4. Weighted 4-bit BCD code is known as the 8421-weighted code. (a) 2 only (b) 3 and 4 only (c) 1 and 2 only (d) 2 and 4 only
2018,74,Computer Application and Data Processing,C4,Number Systems & Binary Arithmetic,PLAIN,NUM,B,N,,The maximum permissible integer in a computer with an $n$-bit word and one word per integer is (a) $2^n-1$ (b) $2^{n-1}-1$ (c) $2^{n-1}+1$ (d) $2^n+1$
2018,75,Computer Application and Data Processing,C9,"Programming Basics: Algorithm, Flowchart, Control Structures, Arrays, Functions",PLAIN,SEL,A,N,,"Which operators follow right-to-left precedence? 1. Unary operator 2. Assignment operator 3. Logical operator 4. Bit-manipulation operator (a) 1 and 2 only (b) 1, 2 and 4 (c) 3 and 4 only (d) 1 only"
2018,76,Computer Application and Data Processing,C6,"Languages, Compiler, Assembler, Interpreter; Low & High Level",PLAIN,SEL,A,N,,A compiler can diagnose (a) Grammatical errors only (b) Logical errors only (c) Both grammatical and logical errors (d) Neither grammatical nor logical errors
2018,77,Computer Application and Data Processing,C5,"Software, Operating Systems, Packages & Utilities",PLAIN,NAME,B,N,,A software program stored in ROM that cannot easily be changed is known as (a) Hardware (b) Firmware (c) Linker (d) Editor
2018,78,Computer Application and Data Processing,C6,"Languages, Compiler, Assembler, Interpreter; Low & High Level",PLAIN,NAME,A,N,,A computer program can run successfully even if there is a (a) Syntax error (b) Logical error (c) Run-time error (d) None of the above
2018,79,Computer Application and Data Processing,C3,"Memory: RAM, ROM, Cache; Units of Memory & Storage Capacity",PLAIN,NAME,A,N,,"A disc storage has 16 data-recording surfaces, 256 tracks/surface, 16 sectors/track, 512 bytes/sector. What is the storage capacity? (a) $3325652$ bytes (b) $3256662$ bytes (c) $33554432$ bytes (d) $335444332$ bytes"
2018,80,Computer Application and Data Processing,C6,"Languages, Compiler, Assembler, Interpreter; Low & High Level",PLAIN,NAME,A,N,,Which is a low-level programming language? (a) FORTRAN (b) Machine language (c) COBOL (d) C
2019,1,Statistical Methods,S2,Measures of Location & Dispersion,MSA,SEL,A,N,,"Consider the following statements: 1. For ordinal and ratio scale data, median is a recommended measure of location. 2. Pie diagrams and bar diagrams are recommended graphs for nominal data. 3. For interval scale data, the recommended graph is histogram and the recommended measure of variability is standard deviation. Which of the above statements are correct? (a) 1 and 3 only (b) 2 and 3 only (c) 1 and 2 only (d) 1, 2 and 3"
2019,2,Probability,P6,"Random Vectors: Joint, Marginal & Conditional Distributions",MSA,SEL,A,N,,"The joint distribution of two random variables $X$ and $Y$ is given below: | $X \backslash Y$ | $-1$ | $1$ | |---|---|---| | 0 | $\alpha_1$ | $\alpha_2$ | | 1 | $\alpha_3$ | $\alpha_4$ | where $\alpha_i \geq 0$ for all $i$ and $\sum_1^4 \alpha_i = 1$. Which of the following are correct? 1. $E(X^r) = \alpha_3+\alpha_4$, for all $r$ 2. $E(XY) = \alpha_4 - \alpha_3$ 3. $E(XY)^{2n} = \alpha_3+\alpha_4$, for all $n$ (a) 1 and 2 only (b) 1 and 3 only (c) 2 and 3 only (d) 1, 2 and 3"
2019,3,Statistical Methods,S2,Measures of Location & Dispersion,PLAIN,EXPR,B,N,,"For a group of 7-year-old boys: Body Height $\overline{X}_1 = 115$ cm, $s_1 = 6.5$ cm; Body Weight $\overline{X}_2 = 23$ kg, $s_2 = 2.7$ kg, where $\overline{X}$ is the mean of the group and $s$ is the group's standard deviation. Which one of the following is correct? (a) Boys are five times as variable in body weight than in body height (b) Boys are twice as variable in body weight than in body height (c) Boys are $\frac{2}{5}$ times as variable in body weight than in body height (d) Boys are $\frac{2}{5}$ times as variable in body height than in body weight"
2019,4,Statistical Methods,S4,Bivariate & Multivariate Data; Association & Contingency,PLAIN,NAME,B,N,,"If for two attributes $A$ and $B$: $(A) = 50$, $(B) = 60$, $(AB) = 40$, $N = 100$, then (a) $A$ and $B$ are independent (b) $A$ and $B$ are positively associated (c) $A$ and $B$ are negatively associated (d) nothing definite can be said about the association between $A$ and $B$ without further information"
2019,5,Statistical Methods,S7,Regression - Linear & Polynomial,PLAIN,EXPR,A,N,,"If $x = 4y+5$ and $y = kx+4$ are the lines of regression of $x$ on $y$ and of $y$ on $x$ respectively, which one of the following is true? (a) $k \geq 1$ (b) $k \leq -1$ (c) $-1 \leq k \leq 0$ (d) $0 \leq k \leq \frac{1}{4}$"
2019,6,Statistical Methods,S7,Regression - Linear & Polynomial,PLAIN,EXPR,A,N,,"The regression lines of $Y$ on $X$ and of $X$ on $Y$ are respectively $Y = aX+b$ and $X = cY+d$. If $r_{XY}$ is the correlation coefficient between $X$ and $Y$, and $\frac{s_X}{s_Y}$ is the ratio of standard deviation of $X$ to that of $Y$, the pair $\left(r_{XY}, \frac{s_X}{s_Y}\right)$ would assume the value (a) $\left(\sqrt{ac},\ \sqrt{\frac{c}{a}}\right)$ (b) $\left(\sqrt{\frac{c}{a}},\ \sqrt{ac}\right)$ (c) $\left(\frac{bd}{\sqrt{ac}},\ \sqrt{ac}\right)$ (d) $\left(\sqrt{ac},\ \sqrt{\frac{a}{c}}\right)$"
2019,7,Statistical Methods,S6,Bivariate Normal Distribution,PLAIN,EXPR,A,N,,"Let $X, Y, Z$ be independently and identically distributed standard normal variates, and $(X+\theta Z,\ Y+\theta Z)$ follows a bivariate normal distribution with correlation coefficient $0.25$. Then the absolute value of $\theta$ is (a) $\frac{1}{\sqrt2}$ (b) $\frac{1}{\sqrt3}$ (c) $\frac{1}{\sqrt2+1}$ (d) $\frac{1}{\sqrt3+1}$"
2019,8,Statistical Methods,S8,"Correlation: Distribution of r, Partial, Multiple, Intraclass, Correlation Ratio",PLAIN,EXPR,C,N,,"If $r$ is the observed correlation coefficient in a sample of $n$ pairs of observations from a correlated bivariate normal population, then the statistic $\frac12\log_e\left(\frac{1+r}{1-r}\right)$ is approximately normal with variance (a) $\frac{1}{n-1}$ (b) $\frac1n$ (c) $\frac{1}{n-2}$ (d) $\frac{1}{n-3}$"
2019,9,Statistical Methods,S8,"Correlation: Distribution of r, Partial, Multiple, Intraclass, Correlation Ratio",PLAIN,NUM,A,N,,"Consider the pairs of observations on $X$ and $Y$: $(-1,-2), (0,-1), (1,0), (2,1)$. If the correlation coefficient between $X$ and $Y$ is $r$, and that between $X^2$ and $Y^2$ is $s$, which one of the following is correct? (a) $r>0$ but $s<0$ (b) $r>0$ and $s>0$ (c) $r<0$ but $s>0$ (d) $r<0$ and $s<0$"
2019,10,Statistical Methods,S8,"Correlation: Distribution of r, Partial, Multiple, Intraclass, Correlation Ratio",PLAIN,NUM,A,N,,"The coefficient of correlation between $X$ and $Y$ is $0.6$. Their covariance is $4.8$. If the variance of $X$ is $9$, then the standard deviation of $Y$ is (a) 7.21 (b) 5.23 (c) 3.22 (d) 2.67"
2019,11,Probability,P1,"Classical & Axiomatic Probability, Consequences",PLAIN,EXPR,A,N,,A stick of length $l$ is tossed at random on a plane ruled with a series of parallel lines at a distance $2l$ apart. What is the probability that the stick will intersect one of the lines? (a) $\frac{1}{2\pi}$ (b) $\frac{3}{2\pi}$ (c) $\frac1\pi$ (d) $\frac{2}{3\pi}$
2019,12,Probability,P2,"Conditional Probability, Law of Total Probability, Bayes' Theorem",PLAIN,EXPR,B,N,,"Two cannons $A_1$ and $A_2$ fire at the same target. $A_1$ fires on average 9 projectiles in the time $A_2$ fires 10. On average 7 out of 10 projectiles from $A_1$ and 6 out of 10 from $A_2$ strike the target. If the target is struck by one projectile, the probability it was struck by a projectile from $A_1$ is (a) $\frac{20}{41}$ (b) $\frac{21}{41}$ (c) $\frac{6}{19}$ (d) $\frac{63}{190}$"
2019,13,Probability,P2,"Conditional Probability, Law of Total Probability, Bayes' Theorem",PLAIN,NUM,B,N,,5% of patients suffering from a certain disease are selected to undergo a new treatment believed to increase the recovery rate from 30% to 50%. A person is randomly selected from these patients after treatment and found to have recovered. What is the probability the patient received the new treatment? (a) 0.03 (b) 0.08 (c) 0.80 (d) 0.30
2019,14,Probability,P3,Random Variables & Distribution Functions,PLAIN,EXPR,A,N,,"A discrete random variable $X$ takes four values $-1.5, -1, 2.5, 3$ with respective probabilities $\frac16, \frac14, \frac12, \frac{1}{12}$. What is $E(|X|)$ equal to? (a) 0 (b) $\frac14$ (c) $\frac32$ (d) 2"
2019,15,Probability,P4,Standard Discrete Distributions,PLAIN,EXPR,B,N,,"If the probability of having a male or a female child is 0.50, what is the probability that a family's seventh child is their second daughter? (a) $\frac{3}{64}$ (b) $\frac{15}{64}$ (c) $\frac{21}{64}$ (d) $\frac{1}{64}$"
2019,16,Probability,P4,Standard Discrete Distributions,NEG,EXPR,A,N,,"Let $X$ be a Poisson random variable with p.m.f. $P(X=k) = \frac{e^{-\lambda}\lambda^k}{k!}$, $k=0,1,2,\ldots$, $\lambda>0$. If $Y = X^2+3$, what is $P(Y=y)$ equal to? (a) $\frac{e^{-\lambda}\lambda^{\sqrt{y-3}}}{\sqrt{(y-3)!}}$, for $y=\{3,4,7,12,\ldots\}$ (b) $\frac{e^{-\lambda}\lambda^{-\sqrt{y-3}}}{\sqrt{(3-y)!}}$, for $y=\{3,4,7,12,\ldots\}$ (c) $\frac{e^{-\lambda}\lambda^{\sqrt{3-y}}}{\sqrt{(3-y)!}}$, for $y=\{4,7,12,\ldots\}$ (d) $\frac{e^{-\lambda}\lambda^{-\sqrt{3-y}}}{\sqrt{(3-y)!}}$, for $y=\{4,7,12,\ldots\}$ *(exponent signs/arguments differ across (a)–(d) exactly as printed in source — not a transcription error)*"
2019,17,Probability,P4,Standard Discrete Distributions,PLAIN,EXPR,B,N,,"A person purchases a weekly lottery ticket until he wins. If $p$ is the probability of winning, the expected number of weeks required to win is (a) $\frac1p$ (b) $\frac1p - 1$ (c) $\frac{1}{1-p}$ (d) $\frac{1}{1-p} - 1$"
2019,18,Probability,P4,Standard Discrete Distributions,MSA,SEL,B,N,,"Consider the following statements: 1. Binomial distribution with mean $a>0$ and variance $b>0$ is such that $\frac{a^2}{(a-b)^2}$ is an integer. 2. Binomial distribution with mean 3.5 and variance 1.75 is bimodal. 3. For a binomial distribution with mean and variance equal to 4 and $\frac43$ respectively, $P(X\geq1) > 0.99$. 4. Sum of two independent binomial variates is a binomial variate. Which of the above statements are correct? (a) 1 and 3 (b) 1, 2 and 4 (c) 2 and 3 only (d) 2, 3 and 4"
2019,19,Statistical Methods,S8,"Correlation: Distribution of r, Partial, Multiple, Intraclass, Correlation Ratio",PLAIN,EXPR,A,N,,"$r$ is the correlation coefficient between $X$ and $Y$. If $Z = aY+b$, where $a(\neq0)$ and $b$ are real, the correlation coefficient between $X$ and $Z$ is (a) $r$ (b) $r|a|$ (c) $\left(\frac{a}{|a|}\right)|r|$ (d) $\left(\frac{a}{|a|}\right)r$"
2019,20,Probability,P6,"Random Vectors: Joint, Marginal & Conditional Distributions",PLAIN,EXPR,A,N,,"Let $f(x,y) = 4xy$, $0\leq x\leq1$, $0\leq y\leq1$ be the joint p.d.f. of $(X,Y)$. The marginal distribution of $X$ is (a) $f_X(x) = 4x;\ 0\leq x\leq1$ (b) $f_X(x) = 2x;\ 0\leq x\leq1$ (c) $f_X(x) = \frac{x}{2};\ 0\leq x\leq1$ (d) $f_X(x) = x;\ 0\leq x\leq1$"
2019,21,Statistical Methods,S8,"Correlation: Distribution of r, Partial, Multiple, Intraclass, Correlation Ratio",MSA,SEL,C,N,,"Consider the following statements: 1. Correlation coefficient is a measure of proportion or percentage in a relationship. 2. Statistic $Z^2$ is an equivalent measure of the statistic $\chi^2$. 3. $t$-distribution becomes mesokurtic when degrees of freedom approach a very large value. 4. $(1-\alpha)$ significant points of $F(n_2,n_1)$ distribution are the same as reciprocal of $(1-\alpha)$ significant points of $F(n_1,n_2)$ distribution. Which of the above statements are correct? (a) 2 and 3 only (b) 2 and 4 only (c) 3 and 4 only (d) 1, 2, 3 and 4"
2019,22,Statistical Methods,S11,Tests of Significance & Small Sample Tests,MSA,SEL,A,N,,"Consider the following statements: 1. A type I error of 0.05 means that 5 times out of 100, one can reject a true null hypothesis. 2. The smaller the type I error rate, the more correct is the inference. 3. Type I error is sensitive to the number of subjects in a sample. 4. Type I error is completely under the control of the experimenter. Which of the above statements is/are correct? (a) 1 and 3 only (b) 2 and 4 only (c) 4 only (d) 1, 2, 3 and 4"
2019,23,Statistical Methods,S9,Standard Errors & Large Sample Tests,PLAIN,EXPR,A,N,,Let $W_1$ and $W_2$ denote the standard errors of the sample means $\overline{X}_1$ and $\overline{X}_2$ of two independent random samples. The standard error of $T=(\overline{X}_1-\overline{X}_2)$ is (a) 0 (b) $|W_1-W_2|$ (c) $\sqrt{|W_1^2-W_2^2|}$ (d) $\sqrt{W_1^2+W_2^2}$
2019,24,Statistical Methods,S11,Tests of Significance & Small Sample Tests,MSA,SEL,A,N,,"Two independent groups $A$ and $B$ consist of 100 people each with a disease. A serum is given to group $A$ but not $B$; otherwise treated identically. In groups $A$ and $B$, 75 and 65 people respectively recover. Given $Z_{0.05}=1.645$, $Z_{0.10}=1.28$. Consider the following statements: 1. The results are due to chance only at 5% level of significance. 2. The serum is effective at 10% level of significance. 3. Assuming the serum has no effect, 70 people are expected to recover in group $A$. 4. The standard deviation of the difference in proportions is given by 0.06. Which of the above statements are correct? (a) 1, 3 and 4 (b) 1, 2 and 3 (c) 1, 2 and 4 (d) 2, 3 and 4"
2019,25,Statistical Methods,S10,"Sampling Distributions: Sample Mean, Sample Variance, t, Chi-square, F",PLAIN,NUM,C,N,,"Let $X_1,\ldots,X_5$ be a random sample of size 5 from a standard normal population. If $\overline{X}=\frac15\sum_{i=1}^5 X_i$ and $T=\sum_{i=1}^5(X_i-\overline{X})^2$, then $E(T^2\overline{X}^2)$ is equal to (a) 3 (b) 3.6 (c) 4.8 (d) 5.2"
2019,26,Statistical Methods,S4,Bivariate & Multivariate Data; Association & Contingency,PLAIN,NUM,B,N,,"For $\chi^2 = 2.38$ and $N=200$, the coefficient of contingency $C$ for the given data is (a) 0.01 (b) 0.1084 (c) 0.1096 (d) 0.1840"
2019,27,Statistical Methods,S11,Tests of Significance & Small Sample Tests,MSA,SEL,B,N,,"Which of the following is/are **not** needed for the validity of the $\chi^2$ test? 1. The sample observations should be independent. 2. Constraints on the cell frequencies should not be linear. 3. $N$, the total frequency, should be reasonably large. 4. None of the theoretical frequencies should be less than 5. (a) 1 and 2 (b) 2 only (c) 2 and 3 (d) 4"
2019,28,Statistical Methods,S10,"Sampling Distributions: Sample Mean, Sample Variance, t, Chi-square, F",PLAIN,EXPR,C,N,,"Suppose $X_1,\ldots,X_5$ are independent, each standard normal. A constant $C$ such that $\dfrac{C(X_1+X_2)}{(X_3^2+X_4^2+X_5^2)^{1/2}}$ has a $t$-distribution, has value (a) $\frac{\sqrt3}{2}$ (b) $\sqrt{\frac32}$ (c) $\frac32$ (d) $\sqrt{\frac23}$"
2019,29,Statistical Methods,S10,"Sampling Distributions: Sample Mean, Sample Variance, t, Chi-square, F",PLAIN,EXPR,C,N,,"If $X$ is an $F(m,n)$ random variable, $m>2$, $n>2$, then $E(X)\cdot E\left(\frac1X\right)$ equals (a) $\frac{n(n-2)}{m(m-2)}$ (b) $\frac{m(m-2)}{n(n-2)}$ (c) $\frac{mn}{(m-2)(n-2)}$ (d) $\frac{m(n-2)}{n(m-2)}$"
2019,30,Statistical Methods,S13,"Order Statistics - Minimum, Maximum, Range, Median",PLAIN,EXPR,C,N,,"What is the probability that the sample median, based on a random sample of size 3 from a distribution with p.d.f. $f(x)=2x,\ 0<x<1$, exceeds $\frac12$? (a) $\frac34$ (b) $\frac{13}{16}$ (c) $\frac{27}{32}$ (d) $\frac{29}{32}$"
2019,31,Probability,P7,Distributions of Functions of Random Variables,PLAIN,EXPR,C,N,,"Let $X$ have p.d.f. $f(x) = \frac{2x}{\pi^2}$, $0<x<\pi$. Let $Y=\sin X$. For $0<y<1$, the p.d.f. of $Y$ is given by (a) $\frac{2\pi}{\sqrt{1-y^2}}$ (b) $\frac{\pi}{2}\sqrt{1-y^2}$ (c) $\frac2\pi\sqrt{1-y^2}$ (d) $\frac{2}{\pi\sqrt{1-y^2}}$"
2019,32,Probability,P4,Standard Discrete Distributions,PLAIN,EXPR,B,N,,$r$ balls are drawn one at a time without replacement from a bag containing $n$ white and $m$ black balls. What is the variance of the number of black balls drawn? (a) $\frac{mr(m+n-2)}{(m+n)(m+n+1)}$ (b) $\frac{mnr(m+n-r)}{(m+n)^2(m+n+1)}$ (c) $\frac{mr(m+n)^2}{(m+n-1)(m+n-r)}$ (d) $\frac{(m+n)(m+n-r)}{(m+n)^2}$
2019,33,Probability,P12,Tchebycheff's & Kolmogorov's Inequalities,PLAIN,NUM,B,N,,"The number of items produced in a factory during a week is a random variable with mean 50. If the variance is known to be 25, the probability that this week's production will be between 40 and 60 is at least (a) 0.50 (b) 0.60 (c) 0.75 (d) 0.80"
2019,34,Probability,P12,Tchebycheff's & Kolmogorov's Inequalities,PLAIN,NUM,A,N,,"The smallest value of $k$ in Chebyshev's inequality, for which the probability that a random variable takes a value between $\mu-k\sigma$ and $\mu+k\sigma$ is at least 0.99, is given by (a) 9.5 (b) 10 (c) 10.5 (d) 11"
2019,35,Probability,P5,Standard Continuous Distributions,PLAIN,NUM,A,N,,"The round-off error to the second decimal place has uniform distribution on $(-0.05, 0.05)$. What is the probability that the absolute error in the sum of 1000 numbers is less than 2? [Given $\Phi(2.19)=0.985$] (a) 0.92 (b) 0.95 (c) 0.97 (d) 0.99"
2019,36,Statistical Methods,S13,"Order Statistics - Minimum, Maximum, Range, Median",PLAIN,EXPR,C,N,,"If $X$ and $Y$ are independent $N(0,1)$, what is $E[\text{Max}(X,Y)]$ equal to? (a) $\frac{1}{\sqrt{2\pi}}$ (b) $\frac{1}{\sqrt\pi}$ (c) $\frac{1}{\sqrt2}$ (d) $\frac{2}{\sqrt\pi}$"
2019,37,Probability,P3,Random Variables & Distribution Functions,PLAIN,EXPR,A,N,,"Let $X$ be a continuous random variable with p.d.f. $$f(x) = \begin{cases} ax, & 0\leq x<1 \\ a, & 1\leq x\leq2 \\ -ax+3a, & 2<x\leq3 \\ 0, & \text{elsewhere}\end{cases}$$ What is the value of the constant $a$? (a) 1 (b) $\frac12$ (c) $\frac13$ (d) $\frac14$"
2019,38,Probability,P5,Standard Continuous Distributions,PLAIN,SEL,C,N,,"If the p.d.f. of the normal distribution of $X$ is $f(x) = k\exp\left(-\frac18 x^2+2x\right)$, $-\infty<x<\infty$, the mean and variance of the distribution are respectively (a) 8 and 2 (b) 4 and 2 (c) 8 and 4 (d) 4 and 4"
2019,39,Probability,P3,Random Variables & Distribution Functions,PLAIN,EXPR,A,N,,"The random variable $X$ has p.d.f. $f(x) = \frac{3x^2}{2}$, $-1<x<1$. What are the values of $E(|X|)$ and $\text{var}(|X|)$ respectively? (a) $\frac14$ and $\frac{1}{80}$ (b) $\frac34$ and $\frac{1}{80}$ (c) $\frac14$ and $\frac{3}{80}$ (d) $\frac34$ and $\frac{3}{80}$"
2019,40,Probability,P7,Distributions of Functions of Random Variables,PLAIN,NAME,C,N,,"Let $X$ and $Y$ be two i.i.d. random variables with p.d.f. $f(x)=2e^{-2x}$, $x\geq0$. The distribution of $Z=X-Y$ is (a) exponential (b) beta (c) Laplace (d) Cauchy"
2019,41,Computer Application and Data Processing,C1,"Computer Organisation: CPU, ALU, Control & Memory Units, I/O Units",PLAIN,NAME,B,N,,A bus that manages the transfer of data and addresses among various components is (a) address bus (b) control bus (c) data bus (d) None of the above
2019,42,Computer Application and Data Processing,C4,Number Systems & Binary Arithmetic,MSA,SEL,A,N,,"Which of the following codes is/are positional weighted code(s)? 1. Gray code 2. BCD code 3. ASCII code 4. Excess-3 code (a) 1 and 4 (b) 1 and 2 only (c) 1, 2 and 3 (d) 2 only"
2019,43,Computer Application and Data Processing,C4,Number Systems & Binary Arithmetic,PLAIN,NUM,A,N,,"When $(217)_{10}$ is divided by $(12)_{10}$, the quotient and remainder in binary system will be respectively (a) 11010 and 1001 (b) 10100 and 0001 (c) 10010 and 0001 (d) 10010 and 0010"
2019,44,Computer Application and Data Processing,C6,"Languages, Compiler, Assembler, Interpreter; Low & High Level",PLAIN,NAME,A,N,,"A software development module that arranges the object code of all modules generated by language translators into a single program, is (a) editor (b) debugger (c) linker (d) loader"
2019,45,Computer Application and Data Processing,C8,"Computer Security: Virus, Antivirus, Firewall, Spyware, Malware",MSA,SEL,A,N,,"Antivirus is a software that comes in the category of 1. system software 2. application software 3. utility software 4. debugger (a) 2 (b) 3 and 4 only (c) 3 only (d) 1, 3 and 4"
2019,46,Computer Application and Data Processing,C7,"Networks: LAN, WAN, Internet, Intranet",MSA,SEL,A,N,,Which of the statements regarding Network Protocol are **not** correct? 1. Identification of type of physical connection cannot be done by Network Protocol. 2. Error detection and correction are done by Network Protocol. 3. Message formatting cannot be done by Network Protocol. 4. Network Protocol does initiation and termination. (a) 1 and 2 (b) 3 only (c) 2 and 3 (d) 1 and 3
2019,47,Computer Application and Data Processing,C8,"Computer Security: Virus, Antivirus, Firewall, Spyware, Malware",PLAIN,NAME,A,N,,A software that gathers information about a person and organization without their knowledge is called (a) firmware (b) adware (c) virus (d) spyware
2019,48,Computer Application and Data Processing,C9,"Programming Basics: Algorithm, Flowchart, Control Structures, Arrays, Functions",MSA,NAME,A,N,,Consider the following statements in respect of subroutine: 1. It reduces the length of code. 2. It is a program stored somewhere else in memory and called to execute it. 3. It does not require the use of stack for its execution. *(answer options for Q48 were not captured in the source scan — page break falls right after statement 3; not fabricated here)*
2019,49,Computer Application and Data Processing,C5,"Software, Operating Systems, Packages & Utilities",PLAIN,SEL,A,N,,"If someone wants to reduce the cost of developing and maintaining a computer software, which operating system(s) should be installed? (a) Windows only (b) Linux only (c) Mac (d) Both Windows and Linux"
2019,50,Computer Application and Data Processing,C7,"Networks: LAN, WAN, Internet, Intranet",PLAIN,NAME,A,N,,Which one of the following protocols is used to send email messages? (a) TCP (b) SMTP (c) POP (d) UDP
2019,51,Numerical Analysis,N1,"Finite Differences: Operators, Factorial Polynomials, Separation of Symbols",TBL,NUM,B,N,,Consider the following table: | x | 2 | 3 | 4 | 5 | 6 | |---|---|---|---|---|---| | y | 45 | 49.2 | 54.1 | k | 67.4 | What is the value of $k$? (a) 60.05 (b) 61.05 (c) 62.05 (d) 63.05
2019,52,Numerical Analysis,N1,"Finite Differences: Operators, Factorial Polynomials, Separation of Symbols",PLAIN,NAME,A,N,,What is the value of $\Delta^{10}[(1-ax)(1-bx^2)(1-cx^3)(1-dx^4)]$? (a) 0 (b) $10!$ (c) $abcd\times(10)!$ (d) $abcd$
2019,53,Numerical Analysis,N1,"Finite Differences: Operators, Factorial Polynomials, Separation of Symbols",PLAIN,SEL,A,N,,What are the values of $\Delta^5 0^3$ and $\Delta^3 0^5$ respectively? (a) 0 and 0 (b) 144 and 0 (c) 0 and 150 (d) 0 and 96
2019,54,Numerical Analysis,N1,"Finite Differences: Operators, Factorial Polynomials, Separation of Symbols",NEG,NAME,A,N,,"For interval of differencing as unity: $f(0)=41$, $f(1)=61$, $f(5)=20$, $f(6)=50$. What is the value of $S=\sum_{k=0}^4 \Delta^2 f(k)$? (a) $-10$ (b) 10 (c) 50 (d) Cannot be determined"
2019,55,Numerical Analysis,N1,"Finite Differences: Operators, Factorial Polynomials, Separation of Symbols",PLAIN,NUM,B,N,,Which one of the following is equal to $1+x+x^2+x^3$? (a) $x^{(3)}+3x^{(2)}+4x^{(1)}+1$ (b) $x^{(3)}+x^{(2)}+3x^{(1)}+1$ (c) $3x^{(3)}+4x^{(2)}+x^{(1)}+1$ (d) $x^{(3)}+4x^{(2)}+3x^{(1)}+1$
2019,56,Numerical Analysis,N1,"Finite Differences: Operators, Factorial Polynomials, Separation of Symbols",PLAIN,NUM,B,N,,"$f(x)$ is a polynomial of third degree with $f(-2)=-33$, $f(-1)=m_1$, $f(0)=5$, $f(1)=9$, $f(2)=m_2$, $f(3)=47$. What are the values of $m_1$ and $m_2$ respectively? (a) $-10$ and 19 (b) $-10$ and 21 (c) $-5$ and 19 (d) $-5$ and 21"
2019,57,Numerical Analysis,N4,"Central Difference Formulae - Gauss, Stirling, Bessel; Error Terms",PLAIN,NAME,A,N,,Gauss forward interpolation formula involves (a) even differences above the central line and odd differences on the central line (b) even differences below the central line and odd differences on the central line (c) odd differences below the central line and even differences on the central line (d) odd differences above the central line and even differences on the central line
2019,58,Numerical Analysis,N3,Divided Differences; Newton's & Lagrange's Formulae (Unequal Intervals),PLAIN,NUM,A,N,,"The third divided difference of the polynomial $2x^2+1$ over the points $0,1,3,6$ is (a) 0 (b) 1 (c) 2 (d) 4"
2019,59,Numerical Analysis,N3,Divided Differences; Newton's & Lagrange's Formulae (Unequal Intervals),PLAIN,NUM,A,N,,"A curve passes through $(0,18)$, $(1,10)$, $(3,-18)$, $(6,90)$. What is the slope of the curve at $x=2$ (using Lagrange's formula)? (a) $-16$ (b) $-8$ (c) 1 (d) 0"
2019,60,Numerical Analysis,N5,Inverse Interpolation,TBL,NUM,A,N,,"Consider the table where $y=f(x)$: | x | 10 | 15 | 20 | |---|---|---|---| | y | 1754 | 2648 | 3564 | What is the value of $x$ for $y=3000$, obtained by inverse interpolation (iterative method) with $h=5$? (a) 15.90 (b) 16.10 (c) 16.93 (d) 17.02"
2019,61,Computer Application and Data Processing,C7,"Networks: LAN, WAN, Internet, Intranet",PLAIN,NAME,A,N,,Which one of the following translates IP address to a readable manner such as website URLs? (a) DNS (b) SMTP (c) DHCP (d) POP
2019,62,Computer Application and Data Processing,C3,"Memory: RAM, ROM, Cache; Units of Memory & Storage Capacity",PLAIN,NAME,A,N,,Which one of the following is content-based addressable memory? (a) ROM (b) Cache memory (c) Associative memory (d) SRAM
2019,63,Computer Application and Data Processing,C5,"Software, Operating Systems, Packages & Utilities",NEG,NAME,A,N,,Which one of the following systems does **not** share common memory and common bus? (a) Tightly coupled system (b) Distributed system (c) Batch system (d) Multiprogramming system
2019,64,Computer Application and Data Processing,C7,"Networks: LAN, WAN, Internet, Intranet",PLAIN,NAME,A,N,,Which one of the following network cables is capable of faster data transmission? (a) Thin Ethernet cable (b) Thick Ethernet cable (c) Fiber optic cable (d) UTP cable
2019,65,Computer Application and Data Processing,C8,"Computer Security: Virus, Antivirus, Firewall, Spyware, Malware",PLAIN,NAME,B,N,,"Which technique does a hacker use for listening to private voice or data transmission, often using a wiretap? (a) Spoofing (b) Snooping (c) Eavesdropping (d) Piggybacking"
2019,66,Computer Application and Data Processing,C7,"Networks: LAN, WAN, Internet, Intranet",PLAIN,NAME,B,N,,The name of the network developed by the Government of India in public interest for various government activities is (a) ARPANET (b) NICNET (c) Quicknet (d) None of the above
2019,67,Computer Application and Data Processing,C7,"Networks: LAN, WAN, Internet, Intranet",PLAIN,NAME,A,N,,Which one of the following communication media supports higher Internet bandwidth? (a) UTP cable (b) Coaxial cable (c) Fiber optic cable (d) Thin Ethernet
2019,68,Computer Application and Data Processing,C5,"Software, Operating Systems, Packages & Utilities",PLAIN,NAME,B,N,,A technique used by an OS for efficient management of memory space of a computer system is (a) paging (b) swapping (c) caching (d) debugging
2019,69,Computer Application and Data Processing,C5,"Software, Operating Systems, Packages & Utilities",MSA,SEL,A,N,,"Which of the following are functions of an operating system? 1. Memory management 2. Device management 3. Security management (a) 1 and 2 only (b) 2 and 3 only (c) 1 and 3 only (d) 1, 2 and 3"
2019,70,Computer Application and Data Processing,C3,"Memory: RAM, ROM, Cache; Units of Memory & Storage Capacity",PLAIN,NAME,A,N,,"Which type of memory is suitable for mobile phones, digital cameras and iPods? (a) Programmable ROM (b) Flash memory (c) RAM (d) Optical disk"
2019,71,Numerical Analysis,N6,"Numerical Integration - Trapezoidal, Simpson's 1/3 & 3/8, Weddle's Rule",PLAIN,EXPR,A,N,,"The value estimated for $\ln2$, obtained by applying the trapezoidal rule to $\int_1^2 \frac1x\,dx$ with two equal divisions of $[1,2]$, is (a) $\frac12$ (b) $\frac{17}{24}$ (c) $\frac{19}{24}$ (d) 1"
2019,72,Numerical Analysis,N6,"Numerical Integration - Trapezoidal, Simpson's 1/3 & 3/8, Weddle's Rule",PLAIN,NAME,A,N,,"Simpson's one-third rule for evaluation of $\int_a^b f(x)\,dx$ requires the interval $[a,b]$ to be divided into (a) an even number of subintervals of equal width (b) an odd number of subintervals of equal width (c) any number of subintervals of equal width (d) any number of subintervals"
2019,73,Numerical Analysis,N6,"Numerical Integration - Trapezoidal, Simpson's 1/3 & 3/8, Weddle's Rule",TBL,NUM,A,N,,"Consider the table: | x | -1 | 0 | 1 | 2 | 3 | 4 | 5 | |---|---|---|---|---|---|---|---| | f(x) | 2 | 1 | 2 | 5 | 10 | 17 | 26 | The value of $\int_{-1}^5 f(x)\,dx$, computed by Simpson's $\frac38$th rule, is (a) 48 (b) 47 (c) 46 (d) 45"
2019,74,Numerical Analysis,N8,"Numerical Solution of Differential Equations - Euler, Milne, Picard, Runge-Kutta",PLAIN,NUM,A,N,,"Consider the IVP $y'=y+2x-1$, $y(0)=1$, over $0\leq x\leq1$. The value of $y(0.2)$, obtained using Euler's method with $h=0.1$, is (a) 0 (b) 1 (c) 1.020 (d) 1.062"
2019,75,Numerical Analysis,N8,"Numerical Solution of Differential Equations - Euler, Milne, Picard, Runge-Kutta",PLAIN,EXPR,A,N,,"The third approximation of the IVP $\frac{dy}{dx}=x+y$, $y(0)=1$, obtained using Picard's method, is (a) $1+x+x^2+\frac{x^3}{3}+\frac{x^4}{24}$ (b) $1+x+x^2+\frac{x^3}{6}$ (c) $1+x^2+\frac{x^3}{6}$ (d) $x+\frac{x^2}{2}+\frac{x^3}{3}$"
2019,76,Numerical Analysis,N3,Divided Differences; Newton's & Lagrange's Formulae (Unequal Intervals),PLAIN,NAME,B,N,,"$f(x)$ has values $f(1)=4$, $f(2)=5$, $f(7)=5$, $f(8)=4$. Then $f(x)$ attains (a) maximum value at $x=4.5$ (b) minimum value at $x=4.5$ (c) neither maximum nor minimum for any $x$ (d) minimum value at $x=-4.5$"
2019,77,Numerical Analysis,N2,Interpolation - Newton-Gregory Forward & Backward (Equal Intervals),PLAIN,NUM,A,N,,"Let $f(x)=\log_{10}(1+x)$ with $x_0=1$, $x_1=1.1$. What is the approximate value of $f(1.04)$ by linear interpolation? [Given $\log_{10}2=0.301030$, $\log_{10}2.1=0.322219$] (a) 0.309506 (b) 0.095603 (c) 0.390506 (d) 0.090356"
2019,78,Numerical Analysis,N8,"Numerical Solution of Differential Equations - Euler, Milne, Picard, Runge-Kutta",PLAIN,NUM,A,N,,"What is the approximate value of $y$ at $x=1.1$ for $\frac{dy}{dx}=3x+y^2$, obtained by Runge-Kutta method of second-order formula? [Given $y=1.2$ at $x=1$] (a) 1.722 (b) 1.644 (c) 1.044 (d) 1.022"
2019,79,Numerical Analysis,N1,"Finite Differences: Operators, Factorial Polynomials, Separation of Symbols",PLAIN,EXPR,B,N,,"If $\delta$ is the central difference operator, what is $\frac12\delta^2 + \delta\sqrt{1+\frac{\delta^2}{4}}$ equal to? (a) $E+1$ (b) $\nabla$ (c) $\Delta$ (d) $\Delta+1$"
2019,80,Numerical Analysis,N3,Divided Differences; Newton's & Lagrange's Formulae (Unequal Intervals),PLAIN,NUM,A,N,,"The third divided difference of $f(x)=x^3-2x$ with arguments $2,4,9,10$ is equal to (a) 23 (b) 21 (c) 15 (d) 1"
2020,1,Statistical Methods,S12,Non-parametric Tests,PLAIN,NUM,B,N,,"The value of the Kolmogorov–Smirnov statistic to test whether $0.32,0.16,0.98,0.16,0.08$ arise from $U(0,2)$ is (a) $0.16$ (b) $0.52$ (c) $0.64$ (d) $0.76$"
2020,2,Statistical Methods,S4,Bivariate & Multivariate Data; Association & Contingency,TBL,NUM,A,N,,"Contingency table (Material vs. Leakage): | | A | B | C | D | E | Total | |---|---|---|---|---|---|---| | Leaked | 36 | 22 | $X_1$ | $X_2$ | 42 | 200 | | Not leaked | 90 | $Y$ | 46 | 78 | 168 | 400 | Column totals for materials C and D are equal. What are $X_1,X_2,Y$? (a) $66,34,18$ (b) $34,66,18$ (c) $70,30,20$ (d) $30,70,20$"
2020,3,Statistical Methods,S12,Non-parametric Tests,PLAIN,NAME,B,N,,"In a clinical trial, $n$ persons had cream $A$ on one randomly chosen arm and cream $B$ on the other. Which test examines the difference (response is continuous)? (a) Two-sample Kolmogorov–Smirnov test (b) Two-sample $t$-test if normality can be assumed (c) Paired $t$-test if normality can be assumed (d) Test for randomness"
2020,4,Statistical Methods,S10,"Sampling Distributions: Sample Mean, Sample Variance, t, Chi-square, F",PLAIN,SEL,C,N,,"If $X\sim F(5,10)$: 1. $E(X)>1$. 2. Mode of $X>1$. (a) 1 only (b) 2 only (c) Both 1 and 2 (d) Neither 1 nor 2"
2020,5,Statistical Methods,S12,Non-parametric Tests,PLAIN,NUM,B,N,,"In 30 tosses of a coin, the sequence obtained is: $$\text{H T T H T H H H T H H T T H T H T H H T H T T H T H H T H T}$$ The number of runs is (a) $30$ (b) $22$ (c) $20$ (d) $28$"
2020,6,Statistical Methods,S12,Non-parametric Tests,PLAIN,NAME,A,N,,"A manufacturer claims a product's lifetime exceeds 250 hours, to be verified from 24 observed lifetimes. Which test can be used? (a) Sign test (b) Mann–Whitney U test (c) Median test (d) Kolmogorov–Smirnov test"
2020,7,Statistical Methods,S13,"Order Statistics - Minimum, Maximum, Range, Median",PLAIN,NAME,A,N,,"If $X_{(r)}$ is the $r$th order statistic from a sample of size $n$ from a continuous c.d.f. $F(x)$, then $F(X_{(r)})$ is the $r$th order statistic in a sample of size $n$ from the (a) Uniform distribution over $(-1,+1)$ (b) Uniform distribution over $(0,1)$ (c) Normal distribution (d) Exponential distribution"
2020,8,Statistical Methods,S8,"Correlation: Distribution of r, Partial, Multiple, Intraclass, Correlation Ratio",PLAIN,NAME,A,N,,"Let $r_{ij}$ denote the correlation between $X_i,X_j$. If $r_{12}=\sin^2\theta,\ r_{13}=\cos\theta,\ r_{23}=\sin\theta$ ($-\pi\le\theta\le\pi$), the partial correlation $r_{12.3}$ is (a) $2\csc2\theta$ (b) $-2\csc2\theta$ (c) $\tan\theta-1$ (d) $2\cot2\theta$"
2020,9,Statistical Methods,S8,"Correlation: Distribution of r, Partial, Multiple, Intraclass, Correlation Ratio",PLAIN,SEL,A,N,,"When two judges rank two individuals only, Spearman's rank correlation coefficient can assume the values (a) $-1$ and $0$ only (b) $-1$ and $1$ only (c) $0$ and $1$ only (d) $-1,0$ and $1$"
2020,10,Statistical Methods,S13,"Order Statistics - Minimum, Maximum, Range, Median",PLAIN,NUM,C,N,,"$X_1,\ldots,X_5$ are five independent observations from a continuous distribution with c.d.f. $F(x)$ and p.d.f. $f(x)$. What is the p.d.f. of the sample median? (a) $5[F(x)]^4f(x)$ (b) $5[1-F(x)]^4f(x)$ (c) $5[1-F(x)]^2[F(x)]^2f(x)$ (d) $30[1-F(x)]^2[F(x)]^2f(x)$"
2020,11,Statistical Methods,S2,Measures of Location & Dispersion,MSA,SEL,B,N,,"Consider the following statements: 1. If original scores are multiplied by a constant, mean and standard deviation are also multiplied by that constant. 2. If original scores are multiplied by a constant, the SD is multiplied by the absolute value of the constant. 3. If a constant is added to each score, the SD remains unchanged. (a) 1 and 2 only (b) 2 and 3 only (c) 1 and 3 only (d) 1, 2 and 3"
2020,12,Statistical Methods,S4,Bivariate & Multivariate Data; Association & Contingency,MSA,SEL,B,N,,"For attributes, the relations: 1. $(AB)>(A)$ 2. $(AB)<(A)+(B)-N$ 3. $(ABC)>(AB)+(AC)+(BC)-(A)-(B)-(C)+N$ Which are correct for **inconsistency** of data? (a) 1 and 2 only (b) 2 and 3 only (c) 1 and 3 only (d) 1, 2 and 3"
2020,13,Statistical Methods,S8,"Correlation: Distribution of r, Partial, Multiple, Intraclass, Correlation Ratio",PLAIN,NAME,A,N,,"If $D=X-Y$ and $S_D^2=S_X^2+S_Y^2$, the correlation coefficient $r$ between $X,Y$ is (a) greater than zero but not equal to one (b) less than zero (c) equal to zero (d) equal to one"
2020,14,Statistical Methods,S8,"Correlation: Distribution of r, Partial, Multiple, Intraclass, Correlation Ratio",PLAIN,NUM,A,N,,"$X$ has finite variance $\sigma^2$. If $Y=20-X$, the correlation between $X$ and $(X+Y)X$ is (a) $-1$ (b) $0$ (c) $1/20$ (d) $1$"
2020,15,Statistical Methods,S8,"Correlation: Distribution of r, Partial, Multiple, Intraclass, Correlation Ratio",MSA,SEL,C,N,,The correlation coefficient in a bivariate set-up is $0.7$. 1. The percentage of variation in the dependent variable explained by the independent variable is 49. 2. Both regression coefficients are positive. 3. Both regression coefficients are negative. (a) 1 only (b) 1 and 2 (c) 1 and 3 (d) 2 only
2020,16,Statistical Methods,S8,"Correlation: Distribution of r, Partial, Multiple, Intraclass, Correlation Ratio",PLAIN,EXPR,A,N,,"In a trivariate distribution, if $r_{12}=r_{23}=r_{31}=\rho\ne1$, the value of $R_{1.23}$ is (a) $\dfrac{\rho}{\sqrt{1+\rho}}$ (b) $\dfrac{1}{\sqrt{1+\rho}}$ (c) $\dfrac{1}{1+\rho}$ (d) $\dfrac{\sqrt2\,\rho}{\sqrt{1+\rho}}$"
2020,17,Probability,P7,Distributions of Functions of Random Variables,PLAIN,NAME,C,N,,"$X,Y$ are independent standard normal. The distribution of $U=\left(\dfrac{X-Y}{X+Y}\right)^2$ is (a) Chi-square with 2 df (b) Chi-square with 1 df (c) $F$ with $(2,2)$ df (d) $F$ with $(1,1)$ df"
2020,18,Statistical Methods,S11,Tests of Significance & Small Sample Tests,PLAIN,NUM,B,N,,"The df of the $F$-statistic for testing equality of variances of two normal populations (unknown means), from independent samples of sizes 20 and 37, are (a) $18$ and $35$ (b) $19$ and $36$ (c) $20$ and $37$ (d) $21$ and $38$"
2020,19,Statistical Methods,S12,Non-parametric Tests,PLAIN,NUM,A,N,,"To test whether the upper 60th percentile of a continuous distribution equals 25 or less, the sign test (sample size 10) rejects $H_0$ if the number of observations larger than 25 is $\ge7$. Given $(0.6)^7\approx0.028$, the size of the test is approximately (a) $0.04$ (b) $0.05$ (c) $0.10$ (d) $0.38$"
2020,20,Statistical Methods,S13,"Order Statistics - Minimum, Maximum, Range, Median",PLAIN,EXPR,C,N,,"Ten runners' finishing times (seconds) are i.i.d. $U(10,11)$, independent of each other. The expected time of the winner is (a) $10\dfrac{1}{11}$ (b) $10\dfrac{1}{10}$ (c) $10\dfrac19$ (d) $10\dfrac12$"
2020,21,Probability,P1,"Classical & Axiomatic Probability, Consequences",MSA,SEL,A,N,,"Consider the following statements: 1. If ordered samples of size $r$ are drawn from $n$ elements, there are $n(n-1)(n-2)\cdots(n-r+1)$ samples without replacement. 2. If $n$ distinguishable balls are randomly placed in $n$ cells, the probability that each cell is occupied is $1$. (a) 1 only (b) 2 only (c) Both 1 and 2 (d) Neither 1 nor 2"
2020,22,Probability,P2,"Conditional Probability, Law of Total Probability, Bayes' Theorem",MSA,SEL,B,N,,A die is loaded so each odd number is twice as likely as each even number. $A$: number $>3$. $B$: number is a perfect square. 1. $P(B)=1/3$. 2. $P(B\mid A)=1/2$. (a) 1 only (b) 2 only (c) Both 1 and 2 (d) Neither 1 nor 2
2020,23,Probability,P3,Random Variables & Distribution Functions,PLAIN,NUM,A,N,,"If $p(x)=kp^x$, $0<p<1$, $x=0,2,4,6,\ldots$, the value of $k$ for which $p(x)$ is a p.m.f. is (a) $1-p$ (b) $p$ (c) $1-p^2$ (d) $p^2$"
2020,24,Probability,P7,Distributions of Functions of Random Variables,MSA,SEL,C,N,,"$X,Y$ are independent normal with means $1,2$ and SDs $3,4$. $Z=X-Y$. 1. Median and SD of $Z$ are $-1$ and $5$ respectively. 2. $P(Z+1<0)=0.5$. (a) 1 only (b) 2 only (c) Both 1 and 2 (d) Neither 1 nor 2"
2020,25,Probability,P4,Standard Discrete Distributions,PLAIN,NAME,A,N,,Distributions possessing the lack-of-memory property are (a) Gamma and Beta distributions (b) Beta and Geometric distributions (c) Geometric and Exponential distributions (d) Exponential and Cauchy distributions
2020,26,Probability,P6,"Random Vectors: Joint, Marginal & Conditional Distributions",PLAIN,NUM,A,N,,"$X,Y$ have joint p.d.f. $f(x,y)=6(1-x-y)$ for $x>0,y>0,x+y<1$ (else $0$). What is $P(X\ge0.4)$? (a) $0.21$ (b) $0.25$ (c) $0.31$ (d) $0.35$"
2020,27,Probability,P8,Mathematical Expectation & Conditional Expectation,PLAIN,NUM,C,N,,"The mean of $f(x)=12x^2(1-x),\ 0\le x\le1$ (else $0$), is (a) $0.5$ (b) $0.6$ (c) $0.7$ (d) $0.8$"
2020,28,Probability,P9,"Characteristic Function, MGF & PGF; Inversion, Uniqueness, Continuity",PLAIN,EXPR,A,N,,$Y$ has p.d.f. $f(y)=e^y$ if $y<0$ (else $0$). The MGF $M_Y(t)$ of $Y$ is (a) $\dfrac{1}{1-t}$ for $t<1$ (b) $\dfrac{1}{1-|t|}$ for all $t$ (c) $\dfrac{1}{1+t}$ for $t>-1$ (d) $\dfrac{1}{1+|t|}$ for all $t$
2020,29,Probability,P12,Tchebycheff's & Kolmogorov's Inequalities,PLAIN,EXPR,B,N,,"$X$ is a non-negative random variable with finite, nonzero mean $\mu$. For every $t>0$: (a) $P(X\ge t\mu)\ge1/(t\mu)$ (b) $P(X\ge t\mu)\le1/t$ (c) $P(X\le t\mu)\le1/(t\mu)$ (d) $P(X\le t\mu)\ge1/t$"
2020,30,Probability,P2,"Conditional Probability, Law of Total Probability, Bayes' Theorem",MSA,SEL,B,N,,"Events $A,B$ with $P(A)=1/4,\ P(B\mid A)=1/2,\ P(A\mid B)=1/4$. Let $X=1$ if $A$ occurs (else 0), $Y=1$ if $B$ occurs (else 0). 1. $P(X^2+Y^2=1)=1/4$. 2. $P(XY=X^2Y^2)=1$. (a) 1 only (b) 2 only (c) Both 1 and 2 (d) Neither 1 nor 2"
2020,31,Statistical Methods,S6,Bivariate Normal Distribution,NEG,EXPR,A,N,,"A bivariate normal random vector $(X,Y)$ with $V(X)=2,\ V(Y)=3,\ \text{Cov}(X,Y)=\alpha$ does **not** possess a density function. Then (a) $\alpha=0$ (b) $\alpha=\pm\sqrt6$ (c) $|\alpha|<\sqrt6$ (d) $|\alpha|>6$"
2020,32,Probability,P10,Modes of Convergence of Sequences of Random Variables,PLAIN,NAME,A,N,,"$U\sim U(0,1)$. The sequence $X_n=\sqrt n$ if $0<U<1/n^2$ (else $0$), $n\ge1$, converges (a) both with probability one and in mean square (b) with probability one but not in mean square (c) in mean square but not with probability one (d) neither with probability one nor in mean square"
2020,33,Probability,P3,Random Variables & Distribution Functions,PLAIN,EXPR,A,N,,"The function $$F(x)=\begin{cases}0, & x<0\\[2pt] x/2, & 0\le x<1\\[2pt] (1-\alpha)x+2\alpha-1, & 1\le x<2\\[2pt] 1, & x\ge2\end{cases}$$ is a distribution function if and only if (a) $0<\alpha<\dfrac12$ (b) $\dfrac12\le\alpha\le1$ (c) $0\le\alpha\le1$ (d) $\alpha=\dfrac12$"
2020,34,Probability,P5,Standard Continuous Distributions,PLAIN,EXPR,A,N,,"The maximum possible probability an exponential distribution (any parameter) can give to the interval $[3,6]$ is (a) $\dfrac12$ (b) $\dfrac13$ (c) $\dfrac14$ (d) $\dfrac23$"
2020,35,Probability,P9,"Characteristic Function, MGF & PGF; Inversion, Uniqueness, Continuity",PLAIN,EXPR,A,N,,The p.g.f. of a Poisson distribution has value $e^{-1}$ at $2/3$. The mean of the distribution is (a) $e^{-2/3}$ (b) $\dfrac23$ (c) $\dfrac32$ (d) $3$
2020,36,Probability,P3,Random Variables & Distribution Functions,PLAIN,NAME,A,N,,"The function $$F(x)=\begin{cases}0, & x<0\\[2pt] x/3, & 0\le x<2\\[2pt] (1-\alpha)x+3\alpha-2, & 2\le x<3\\[2pt] 1, & x\ge3\end{cases}$$ is the distribution function of a continuous random variable (a) for all $\alpha\in(0,1)$ (b) for all $\alpha\in(2/3,1)$ (c) for all $\alpha\in[2/3,1]$ (d) iff $\alpha=2/3$"
2020,37,Probability,P6,"Random Vectors: Joint, Marginal & Conditional Distributions",PLAIN,NAME,A,N,,"The function $$F(x,y)=\begin{cases}\alpha, & x,y>0;\ x+y<1\\ 1, & x,y>0;\ x+y\ge1\\ 0, & \text{otherwise}\end{cases}$$ is the c.d.f. of a random vector $(X,Y)$ (a) for no real value of $\alpha$ (b) iff $0<\alpha<1$ (c) iff $0\le\alpha<1$ (d) iff $0<\alpha\le1$"
2020,38,Probability,P7,Distributions of Functions of Random Variables,PLAIN,EXPR,C,N,,"The random vector $(X,Y,Z)$ has density $f$ on $\mathbb{R}^3$. The random vector $\left(\dfrac{X+Y}{2},\dfrac{Y+Z}{2},\dfrac{Z+X}{2}\right)$ has density (a) $g(u,v,w)=f(u-v+w,\ u+v-w,\ -u+v+w)$ (b) $g(u,v,w)=4f(u-v+w,\ u+v-w,\ -u+v+w)$ (c) $g(u,v,w)=4f\!\left(\dfrac{u-v+w}{2},\dfrac{u+v-w}{2},\dfrac{-u+v+w}{2}\right)$ (d) $g(u,v,w)=8f\!\left(\dfrac{u-v+w}{2},\dfrac{u+v-w}{2},\dfrac{-u+v+w}{2}\right)$"
2020,39,Probability,P8,Mathematical Expectation & Conditional Expectation,PLAIN,EXPR,C,N,,"If $X\sim\text{Binomial}(n=3,p=1/3)$, what is $E\!\left(\dfrac{X}{X+1}\right)$? (a) $\dfrac{43}{108}$ (b) $\dfrac{5}{12}$ (c) $\dfrac{47}{108}$ (d) $\dfrac{49}{108}$"
2020,40,Probability,P2,"Conditional Probability, Law of Total Probability, Bayes' Theorem",PLAIN,NUM,B,N,,"A company makes bulbs at factories A, B, C. A: 40% of output, 2% defective. B: 35%, 4% defective. C: 25%, 3% defective. Given a defective bulb, the probability it is from A is (a) $0.20$ (b) $0.25$ (c) $0.27$ (d) $0.47$"
2020,41,Computer Application and Data Processing,C2,"Hardware: Input, Output & Peripheral Devices",PLAIN,NAME,A,N,,Which devices are paired to form a terminal? (a) Keyboard and display monitor (b) Keyboard and printer (c) Printer and display monitor (d) Projector and printer
2020,42,Computer Application and Data Processing,C9,"Programming Basics: Algorithm, Flowchart, Control Structures, Arrays, Functions",MSA,SEL,B,N,,"Consider the following statements about an expression: 1. The operators `+` and `-` must be followed by an operand. 2. Two arithmetic operators must not appear side by side. 3. The number of left brackets must equal the number of right brackets. (a) 1 and 3 only (b) 1 and 2 only (c) 2 and 3 only (d) 1, 2 and 3"
2020,43,Computer Application and Data Processing,C4,Number Systems & Binary Arithmetic,PLAIN,SEL,A,N,,Which are weighted codes? 1. BCD code 2. GRAY code 3. ASCII code 4. 8421 code (a) 1 and 3 only (b) 1 and 4 only (c) 3 and 4 only (d) 2 and 3 only
2020,44,Computer Application and Data Processing,C7,"Networks: LAN, WAN, Internet, Intranet",NEG,NAME,A,N,,Which is *not* an application-layer protocol? (a) ARP (b) FTP (c) DNS (d) SNMP
2020,45,Computer Application and Data Processing,C4,Number Systems & Binary Arithmetic,PLAIN,NAME,A,N,,Which is the most popular method for representing negative numbers in a computer system? (a) One's complement (b) Signed magnitude (c) Two's complement (d) Floating-point system
2020,46,Computer Application and Data Processing,C2,"Hardware: Input, Output & Peripheral Devices",PLAIN,SEL,A,N,,"Which are optical character recognition devices? 1. OCR 2. OMR 3. MICR (a) 1 and 2 only (b) 2 and 3 only (c) 1 and 3 only (d) 1, 2 and 3"
2020,47,Computer Application and Data Processing,C6,"Languages, Compiler, Assembler, Interpreter; Low & High Level",PLAIN,NAME,B,N,,Which language was designed to work with Microsoft's .NET platform? (a) Python (b) Visual Basic (c) Java (d) C#
2020,48,Computer Application and Data Processing,C2,"Hardware: Input, Output & Peripheral Devices",PLAIN,NAME,A,N,,What is the main function of an input device in a computer? (a) Receiving data from a computer (b) Providing data to a computer (c) Storing data for processing (d) Processing the data
2020,49,Computer Application and Data Processing,C2,"Hardware: Input, Output & Peripheral Devices",PLAIN,SEL,A,N,,"Which components are internal to a Cathode Ray Tube monitor? 1. Electron gun 2. Electromagnetic coils 3. Screen (a) 1 and 2 only (b) 2 and 3 only (c) 1 and 3 only (d) 1, 2 and 3"
2020,50,Computer Application and Data Processing,C4,Number Systems & Binary Arithmetic,PLAIN,NUM,A,N,,"In the hexadecimal system, the binary number $(111110111.110101)_2$ is equivalent to (a) $(2F7.C4)_{16}$ (b) $(1F7.D5)_{16}$ (c) $(1F7.D4)_{16}$ (d) $(2F7.D4)_{16}$"
2020,51,Computer Application and Data Processing,C4,Number Systems & Binary Arithmetic,PLAIN,NUM,A,N,,Which decimal number corresponds to 8421-BCD representation $010100100001.0110$? (a) $573.4$ (b) $531.6$ (c) $521.6$ (d) $421.6$
2020,52,Computer Application and Data Processing,C8,"Computer Security: Virus, Antivirus, Firewall, Spyware, Malware",PLAIN,NAME,A,N,,What technology is used to hide information inside a picture? (a) Root kits (b) Bit mapping (c) Steganography (d) Image rendering
2020,53,Computer Application and Data Processing,C7,"Networks: LAN, WAN, Internet, Intranet",NEG,NAME,A,N,,Which is *not* a web browser? (a) Google Chrome (b) Microsoft Internet Explorer (c) Apple iOS (d) Mozilla Firefox
2020,54,Computer Application and Data Processing,C3,"Memory: RAM, ROM, Cache; Units of Memory & Storage Capacity",NEG,NAME,A,N,,Programs stored in which memory can *not* be erased? (a) RAM (b) ROM (c) Virtual memory (d) Cache memory
2020,55,Computer Application and Data Processing,C3,"Memory: RAM, ROM, Cache; Units of Memory & Storage Capacity",PLAIN,NAME,A,N,,One Gigabyte (GB) equals (a) $1024\times1024$ Megabytes (b) $1024\times1024$ Terabytes (c) $1024\times1024$ Bytes (d) $1024\times1024$ Kilobytes
2020,56,Computer Application and Data Processing,C8,"Computer Security: Virus, Antivirus, Firewall, Spyware, Malware",PLAIN,NAME,B,N,,ISO 27001 is a specification/standard for (a) Quality Management (b) Information Security Management (c) Environmental Management (d) Health Management
2020,57,Computer Application and Data Processing,C7,"Networks: LAN, WAN, Internet, Intranet",PLAIN,NAME,A,N,,Which is the wireless technology standard? (a) IEEE 803.11b (b) IEEE 803.11e (c) IEEE 801.11c (d) IEEE 802.11b
2020,58,Computer Application and Data Processing,C3,"Memory: RAM, ROM, Cache; Units of Memory & Storage Capacity",PLAIN,NAME,A,N,,A sequential electronic circuit used to store 1 bit of information is called a (a) Register (b) Flip-flop (c) Counter (d) Semiconductor
2020,59,Computer Application and Data Processing,C4,Number Systems & Binary Arithmetic,NEG,NUM,A,N,,Which is *not* a valid hexadecimal number? (a) $12345$ (b) $1AB9F$ (c) $15F6G$ (d) $1A3BC$
2020,60,Computer Application and Data Processing,C3,"Memory: RAM, ROM, Cache; Units of Memory & Storage Capacity",PLAIN,NAME,A,N,,Which is used to store data permanently? (a) Primary memory (b) Secondary memory (c) Cache memory (d) Register
2020,61,Numerical Analysis,N3,Divided Differences; Newton's & Lagrange's Formulae (Unequal Intervals),PLAIN,NAME,A,N,,"If a new interpolation value is later inserted, which method handles this without recalculating the whole formula? (a) Lagrange's formula (b) Newton's forward formula (c) Newton's divided difference formula (d) All methods are the same"
2020,62,Numerical Analysis,N6,"Numerical Integration - Trapezoidal, Simpson's 1/3 & 3/8, Weddle's Rule",PLAIN,NAME,A,N,,"To solve $\displaystyle\int_0^1(1+x)\,dx$ by numerical integration, which method is best? (a) Trapezoidal rule (b) Simpson's one-third rule (c) Simpson's three-eighth rule (d) Weddle's rule"
2020,63,Numerical Analysis,N1,"Finite Differences: Operators, Factorial Polynomials, Separation of Symbols",PLAIN,NUM,B,N,,What is $\delta^2y_5$ equal to? ($\delta$ = central difference operator) (a) $y_6-y_5+y_4$ (b) $y_6-2y_5+y_4$ (c) $y_6+y_5$ (d) $y_6-4y_2+y_3$
2020,64,Numerical Analysis,N8,"Numerical Solution of Differential Equations - Euler, Milne, Picard, Runge-Kutta",PLAIN,NUM,A,N,,"$y(x)$ solves $\dfrac{dy}{dx}=x+y,\ y(0)=0$. Euler's method estimates $y(0.5)$ in five steps. The estimate belongs to (a) $(0,0.1)$ (b) $(0.1,0.2)$ (c) $(0.2,0.3)$ (d) $(0.3,0.4)$"
2020,65,Numerical Analysis,N3,Divided Differences; Newton's & Lagrange's Formulae (Unequal Intervals),MSA,SEL,A,N,,"Consider the following statements: 1. Divided differences are symmetric in their arguments. 2. The $n$th divided differences of an $n$th-degree polynomial are constant. 3. The divided-difference operator is linear. (a) 1 and 2 only (b) 2 and 3 only (c) 1 and 3 only (d) 1, 2 and 3"
2020,66,Numerical Analysis,N1,"Finite Differences: Operators, Factorial Polynomials, Separation of Symbols",PLAIN,EXPR,B,N,,"If $\delta,\mu$ are the central difference and average operators, $\mu\delta$ equals (a) $\dfrac12(\Delta+\nabla)$ (b) $\dfrac12(\Delta-\nabla)$ (c) $(\Delta+\nabla)$ (d) $(\Delta-\nabla)$"
2020,67,Numerical Analysis,N1,"Finite Differences: Operators, Factorial Polynomials, Separation of Symbols",PLAIN,NAME,A,N,,What is $\dfrac{1}{E^2-9E+18}(12\times5^x)$ equal to? (interval of differencing $=1$) (a) $-6\times5^x$ (b) $6\times5^x$ (c) $-6^{-1}\times5^x$ (d) $6^{-1}\times5^x$
2020,68,Numerical Analysis,N1,"Finite Differences: Operators, Factorial Polynomials, Separation of Symbols",PLAIN,NUM,B,N,,The value of $(3x+8)^{(4)}$ at $x=2$ is (a) $6160$ (b) $12320$ (c) $13440$ (d) $24024$
2020,69,Numerical Analysis,N3,Divided Differences; Newton's & Lagrange's Formulae (Unequal Intervals),TBL,NUM,B,N,,Data: | $x$ | 1 | 6 | 9 | 11 | |---|---|---|---|---| | $f(x)$ | 12 | 13 | 14 | 16 | The approximate value of $x$ for which $f(x)=15$ is (a) $9.5$ (b) $10$ (c) $10.5$ (d) $10.9$
2020,70,Numerical Analysis,N7,Summation of Series,PLAIN,NUM,B,N,,"The function whose first difference is $9x^2+11x+5$, with $h=1$, is (a) $x^3+x^2+x+c$ (b) $x^3+2x^2+2x+c$ (c) $3x^3+x^2+2x+c$ (d) $3x^3+x^2+x+c$"
2020,71,Numerical Analysis,N3,Divided Differences; Newton's & Lagrange's Formulae (Unequal Intervals),PLAIN,NUM,A,N,,"The polynomial of lowest degree (via Newton's divided difference formula) taking values $3,12,15,-21$ at $x=3,2,1,-1$ respectively is (a) $27x^3+2x^2-4x$ (b) $x^3+2x^2-5x-27$ (c) $x^3-9x^2+17x+6$ (d) $x^3+2x^2-5x+17$"
2020,72,Numerical Analysis,N3,Divided Differences; Newton's & Lagrange's Formulae (Unequal Intervals),PLAIN,NUM,A,N,,"Given the divided differences $f[4]=48,\ f[4,5]=52,\ f[4,5,7]=15,\ f[4,5,7,10]=1$, what is $f(8)$? (a) $148$ (b) $248$ (c) $348$ (d) $448$"
2020,73,Numerical Analysis,N6,"Numerical Integration - Trapezoidal, Simpson's 1/3 & 3/8, Weddle's Rule",PLAIN,NAME,A,N,,"Let $A=\displaystyle\int_0^{10}x^2\,dx$. If $B$ is the value obtained by Simpson's one-third rule dividing $[0,10]$ into 10 equal parts, then $|A-B|$ (a) is greater than 10 (b) belongs to $(5,10)$ (c) belongs to $(0,5)$ (d) is $0$"
2020,74,Numerical Analysis,N2,Interpolation - Newton-Gregory Forward & Backward (Equal Intervals),MSA,SEL,A,N,,"Given $f(20)=512,\ f(30)=439,\ f(40)=346,\ f(50)=243$: 1. $f(x)$ can be approximated by a polynomial of degree $n<2$. 2. Approximate values of $f(x)$ for $x=10$ and $x=60$ can be obtained by Newton–Gregory forward and Newton–Gregory backward difference formulae respectively. (a) 1 only (b) 2 only (c) Both 1 and 2 (d) Neither 1 nor 2"
2020,75,Numerical Analysis,N1,"Finite Differences: Operators, Factorial Polynomials, Separation of Symbols",PLAIN,EXPR,A,N,,Which one of the following is correct? (a) $\Delta\nabla\ne\nabla\Delta$ (b) $\Delta E\ne E\Delta$ (c) $\Delta-E\ne I$ (d) $E-\Delta\ne I$
2020,76,Numerical Analysis,N6,"Numerical Integration - Trapezoidal, Simpson's 1/3 & 3/8, Weddle's Rule",PLAIN,NUM,A,N,,"$\displaystyle\int_0^1(3x^2+25)\,dx$ evaluated by Simpson's one-third rule with $h=1/4$ gives (a) $23$ (b) $24.56$ (c) $25.33$ (d) $26$"
2020,77,Numerical Analysis,N6,"Numerical Integration - Trapezoidal, Simpson's 1/3 & 3/8, Weddle's Rule",PLAIN,NUM,A,N,,"A numerical integration formula is written as $\displaystyle\int_{-1}^1 f(x)\,dx=\dfrac12\left[f(-1)+cf\!\left(\dfrac13\right)\right]$. The value of $c$ for which the method has the highest possible order is (a) $1/2$ (b) $3$ (c) $1$ (d) $-1$"
2020,78,Numerical Analysis,N3,Divided Differences; Newton's & Lagrange's Formulae (Unequal Intervals),PLAIN,NUM,A,N,,"The unique degree-2 polynomial $p(x)$ with $p(1)=1,\ p(3)=27,\ p(4)=64$, obtained via Newton's divided difference formula, is (a) $8x^2-12x+19$ (b) $8x^2-19x+12$ (c) $12x^2-8x-19$ (d) $12x^2-19x+8$"
2020,79,Numerical Analysis,N6,"Numerical Integration - Trapezoidal, Simpson's 1/3 & 3/8, Weddle's Rule",TBL,NUM,A,N,,"A curve passes through: | $x$ | 1 | 1.5 | 2 | 2.5 | 3 | 3.5 | 4 | |---|---|---|---|---|---|---|---| | $y$ | 2 | 2.4 | 2.7 | 2.8 | 3 | 2.6 | 2.1 | The area bounded by the curve, the $x$-axis, and the lines $x=1,x=4$, via Simpson's one-third rule, is (a) $7.81$ (b) $7.78$ (c) $7.74$ (d) $7.72$"
2020,80,Numerical Analysis,N1,"Finite Differences: Operators, Factorial Polynomials, Separation of Symbols",PLAIN,NUM,A,N,,"If $y=a(3)^x+b(-2)^x$ with increment $h=1$, then $(\Delta^2+\Delta-6)y$ equals (a) $1$ (b) $0$ (c) $2x$ (d) $4x$"
2021,1,Probability,P6,"Random Vectors: Joint, Marginal & Conditional Distributions",PLAIN,EXPR,A,Y,"*Q1–Q3 refer to the following:* Let the joint p.d.f. of $X$ and $Y$ be $$f(x,y)=\begin{cases}6(1-x-y), & x>0,\ y>0,\ x+y<1\\[2pt] 0, & \text{otherwise}\end{cases}$$",What is the value of $E(XY)$? (a) $10$ (b) $20$ (c) $\dfrac{1}{10}$ (d) $\dfrac{1}{20}$
2021,2,Probability,P6,"Random Vectors: Joint, Marginal & Conditional Distributions",PLAIN,EXPR,A,Y,"*Q1–Q3 refer to the following:* Let the joint p.d.f. of $X$ and $Y$ be $$f(x,y)=\begin{cases}6(1-x-y), & x>0,\ y>0,\ x+y<1\\[2pt] 0, & \text{otherwise}\end{cases}$$","What is the value of $\text{Cov}(X,Y)$? (a) $\dfrac{1}{40}$ (b) $\dfrac{1}{80}$ (c) $-\dfrac{1}{40}$ (d) $-\dfrac{1}{80}$"
2021,3,Statistical Methods,S7,Regression - Linear & Polynomial,PLAIN,EXPR,A,Y,"*Q1–Q3 refer to the following:* Let the joint p.d.f. of $X$ and $Y$ be $$f(x,y)=\begin{cases}6(1-x-y), & x>0,\ y>0,\ x+y<1\\[2pt] 0, & \text{otherwise}\end{cases}$$",What is the equation of the line of regression of $X$ on $Y$? (a) $X=\dfrac{3-5Y}{15}$ (b) $X=\dfrac{1-Y}{3}$ (c) $X=\dfrac{5-3Y}{15}$ (d) $X=\dfrac{1-Y}{5}$
2021,4,Probability,P6,"Random Vectors: Joint, Marginal & Conditional Distributions",PLAIN,EXPR,A,Y,"*Q4–Q5 refer to the following:* Let the joint density function of $X$ and $Y$ be $$f(x,y)=\begin{cases}8xy, & 0<x<y<1\\[2pt] 0, & \text{otherwise}\end{cases}$$",What is $E[Y\mid X=x]$ equal to? (a) $\dfrac{1}{5}\left(\dfrac{1-x^3}{1+x^2}\right)$ (b) $\dfrac{2}{5}\left(\dfrac{1+x^3}{1-x^2}\right)$ (c) $\dfrac{2}{3}\left(\dfrac{1-x^3}{1-x^2}\right)$ (d) $\dfrac{1+x^3}{1+x^2}$
2021,5,Probability,P6,"Random Vectors: Joint, Marginal & Conditional Distributions",PLAIN,NUM,A,Y,"*Q4–Q5 refer to the following:* Let the joint density function of $X$ and $Y$ be $$f(x,y)=\begin{cases}8xy, & 0<x<y<1\\[2pt] 0, & \text{otherwise}\end{cases}$$",What is the value of $\left[Y^2\big|_{X=0.5}\right]$? (a) $0.5$ (b) $0.525$ (c) $0.6$ (d) $0.625$
2021,6,Probability,P12,Tchebycheff's & Kolmogorov's Inequalities,NEG,NAME,B,N,,"How large a sample must be taken in order that the probability will be at least $0.95$ that the sample mean will be within a $0.5$-neighbourhood of the population mean, given population standard deviation $1$? (a) $80$ (b) $79$ (c) $74$ (d) Cannot be determined"
2021,7,Probability,P11,"Borel 0-1 Law, Kolmogorov 0-1 Law",PLAIN,EXPR,B,N,,"Let $A_1,A_2,A_3,\ldots$ be a sequence of events and let $E=\limsup A_n$. If $\sum_{n=1}^{\infty}P(A_n)<\infty$, then $P(E)$ is equal to (a) $1$ (b) $\dfrac12$ (c) $\dfrac14$ (d) $0$"
2021,8,Probability,P9,"Characteristic Function, MGF & PGF; Inversion, Uniqueness, Continuity",MSA,SEL,A,N,,"Consider the following statements in respect of the characteristic function of a random variable: 1. It always exists. 2. It is uniformly continuous on $\mathbb{R}$. 3. It is not independent of change of origin and scale. 4. If the characteristic function of the sum of two random variables equals the product of their individual characteristic functions, then the variables are independent. Which of the above statements are correct? (a) 1, 2 and 3 (b) 1, 2 and 4 (c) 1, 3 and 4 (d) 2, 3 and 4"
2021,9,Probability,P13,Laws of Large Numbers & Central Limit Theorems,PLAIN,EXPR,B,N,,What is the value of $\displaystyle\lim_{n\to\infty}\sum_{j=n}^{4n}\binom{4n}{j}\left(\frac14\right)^{j}\left(\frac34\right)^{4n-j}$? (a) $0$ (b) $\dfrac14$ (c) $\dfrac12$ (d) $\dfrac34$
2021,10,Probability,P13,Laws of Large Numbers & Central Limit Theorems,PLAIN,NAME,A,N,,"For a sequence of Bernoulli trials, the fraction of successes $f/n$ is a consistent estimator of the probability of success $p$. This follows from (a) Central limit theorem (b) De Moivre–Laplace theorem (c) Law of large numbers (d) Chebyshev's theorem"
2021,11,Statistical Methods,S13,"Order Statistics - Minimum, Maximum, Range, Median",PLAIN,EXPR,C,N,,"Consider a random sample of size $4$ from a population with density $f(x)=2x,\ 0<x<1$ (and $0$ otherwise). If the ordered observations are $x_1<x_2<x_3<x_4$, then $P\!\left[\dfrac12<x_3\right]$ is (a) $\dfrac{15}{16}$ (b) $\dfrac{243}{256}$ (c) $\dfrac12$ (d) $\dfrac{247}{256}$"
2021,12,Statistical Methods,S4,Bivariate & Multivariate Data; Association & Contingency,MSA,SEL,A,N,,"Consider the following conditions on attributes $A$ and $B$: 1. $(AB)\le (A)$ 2. $(AB)\le (B)$ 3. $(AB)\ge (A)+(B)-N$ Which are required for consistency of the data on $A$ and $B$? (a) 1 and 2 only (b) 2 and 3 only (c) 1 and 3 only (d) 1, 2 and 3"
2021,13,Statistical Methods,S2,Measures of Location & Dispersion,MSA,SEL,A,N,,"Consider the following statements: 1. Mean deviation is minimum when deviations are taken from the median. 2. If the units of two series differ, their variabilities can still be compared by standard deviations. 3. A series with smaller coefficient of variation is more consistent. Which is/are correct? (a) 1 and 2 only (b) 2 and 3 only (c) 1 and 3 only (d) 3 only"
2021,14,Statistical Methods,S6,Bivariate Normal Distribution,MSA,SEL,A,N,,"Consider the following statements: 1. $(X,Y)$ possesses a bivariate normal distribution iff every linear combination of $X$ and $Y$ is a normal variate. 2. If the marginals of $X$ and $Y$ are normal, then $(X,Y)$ is always bivariate normal. Which is/are correct? (a) 1 only (b) 2 only (c) Both 1 and 2 (d) Neither 1 nor 2"
2021,15,Statistical Methods,S6,Bivariate Normal Distribution,PLAIN,EXPR,A,N,,"If $(X,Y)\sim BVN(0,0,1,1,\rho)$, what is $E[\max(X,Y)]$? (a) $\sqrt{\pi\rho}$ (b) $\sqrt{\dfrac{\rho}{\pi}}$ (c) $\sqrt{\pi(1-\rho)}$ (d) $\sqrt{\dfrac{1-\rho}{\pi}}$"
2021,16,Probability,P6,"Random Vectors: Joint, Marginal & Conditional Distributions",PLAIN,EXPR,A,N,,"$X,Y$ have joint p.d.f. $f(x,y)=\dfrac13(x+y),\ 0\le x\le1,\ 0\le y\le2$. What is $E(XY)$? (a) $\dfrac23$ (b) $\dfrac53$ (c) $\dfrac29$ (d) $\dfrac59$"
2021,17,Statistical Methods,S5,Curve Fitting & Orthogonal Polynomials,PLAIN,NUM,A,N,,"If $x$ is a standard normal variate, the third-degree orthogonal polynomial is (a) $x^3+x^2-1$ (b) $x^3+3x+4$ (c) $x^3-3x$ (d) $x^3+x^2-6$"
2021,18,Statistical Methods,S6,Bivariate Normal Distribution,PLAIN,NUM,A,Y,"*Q18–Q20 refer to the following:* Let $(X,Y)$ follow a Bivariate Normal distribution with joint p.d.f. $$f(x,y)=k\exp\left[-\frac{8}{27}\left\{(x-7)^2-2(x-7)(y+5)+4(y+5)^2\right\}\right],\ (x,y)\in\mathbb{R}^2$$",What are $V(X)$ and $V(Y)$ respectively? (a) $9/4$ and $9/16$ (b) $9/16$ and $9/32$ (c) $9/4$ and $9/32$ (d) $9/16$ and $9/16$
2021,19,Statistical Methods,S6,Bivariate Normal Distribution,PLAIN,NUM,A,Y,"*Q18–Q20 refer to the following:* Let $(X,Y)$ follow a Bivariate Normal distribution with joint p.d.f. $$f(x,y)=k\exp\left[-\frac{8}{27}\left\{(x-7)^2-2(x-7)(y+5)+4(y+5)^2\right\}\right],\ (x,y)\in\mathbb{R}^2$$",What is the approximate value of $k$? (a) $0.31/\pi$ (b) $0.41/\pi$ (c) $0.51/\pi$ (d) $0.61/\pi$
2021,20,Statistical Methods,S6,Bivariate Normal Distribution,PLAIN,NUM,A,Y,"*Q18–Q20 refer to the following:* Let $(X,Y)$ follow a Bivariate Normal distribution with joint p.d.f. $$f(x,y)=k\exp\left[-\frac{8}{27}\left\{(x-7)^2-2(x-7)(y+5)+4(y+5)^2\right\}\right],\ (x,y)\in\mathbb{R}^2$$",What is the line of regression of $Y$ on $X$? (a) $Y=6.75X-0.25$ (b) $Y=0.25X-6.75$ (c) $Y=6.25X+0.45$ (d) $Y=6.25X+6.75$
2021,21,Probability,P11,"Borel 0-1 Law, Kolmogorov 0-1 Law",PLAIN,EXPR,B,N,,"If $\{x_n:n\ge1\}$ are iid with mean $\dfrac12$, then $P\!\left(|x_n|>\dfrac{n}{2}\ \text{for infinitely many }n\right)$ (a) is equal to $0$ (b) is equal to $\dfrac12$ (c) lies strictly between $\dfrac12$ and $1$ (d) is equal to $1$"
2021,22,Probability,P8,Mathematical Expectation & Conditional Expectation,PLAIN,EXPR,A,N,,"Let $n$ be a natural number and $Y$ be distributed on $\{-n,\ldots,-1,0,1,\ldots,n\}$ with $P(Y=k)=2P(Y=-k)>0$ for every $k\in\{1,\ldots,n\}$. For $y\in\{1,4,9,\ldots,n^2\}$, $E(Y\mid Y^2=y)$ equals (a) $-\sqrt{y/3}$ (b) $-\sqrt{y/2}$ (c) $\sqrt{y}/3$ (d) $y/2$"
2021,23,Probability,P12,Tchebycheff's & Kolmogorov's Inequalities,PLAIN,NUM,A,N,,"A random variable $X$ has mean $12$, and Chebyshev's inequality gives $P(2<X<22)\ge\dfrac34$. Then $E(X^2)$ is (a) $17$ (b) $37$ (c) $112$ (d) $169$"
2021,24,Probability,P4,Standard Discrete Distributions,PLAIN,NAME,B,N,,"To find the prevalence of a virus in a city of population $1{,}00{,}000$, a blood test on $200$ randomly selected citizens gave $8$ positive results. The number of affected persons in a random sample of size $500$ can approximately be taken as (a) Poisson$(40)$ (b) Poisson$(20)$ (c) Poisson$(8)$ (d) Poisson$(16/5)$"
2021,25,Probability,P10,Modes of Convergence of Sequences of Random Variables,PLAIN,EXPR,A,N,,"Suppose $(X_1,\ldots,X_n)$ are iid with finite second moment, and for some $x\in\mathbb{R}$, $P(X_1+\cdots+X_n\le x\sqrt n)\to\Phi(2)$. If $\text{Var}(X_1)=4$, then $P\!\left(X_1+\cdots+X_n\le \dfrac1x\sqrt n\right)$ (a) does not converge (b) converges to $0$ (c) converges to $\Phi(1/2)$ (d) converges to $\Phi(1/8)$"
2021,26,Probability,P13,Laws of Large Numbers & Central Limit Theorems,PLAIN,EXPR,B,N,,"If $\{X_n:n\ge1\}$ are iid with $E(X_1)=1$, $E(X_1^4)<\infty$, and $$\frac{X_1^2+X_2^2+\cdots+X_n^2-5n}{\sqrt{12n}}\xrightarrow{d}N(0,1),$$ then $V(X_1)$ equals (a) $4$ (b) $5$ (c) $\sqrt{12}$ (d) $12$"
2021,27,Probability,P7,Distributions of Functions of Random Variables,NEG,SEL,C,N,,"Let $X$ have continuous c.d.f. $F$. Statement-1: $Y=-\log F(X)$ is exponentially distributed. Statement-2: $F(X)$ is uniformly distributed on $[0,1]$. (a) Both true, Statement-2 is the correct explanation of Statement-1 (b) Both true, Statement-2 is *not* the correct explanation of Statement-1 (c) Statement-1 true, Statement-2 false (d) Statement-1 false, Statement-2 true"
2021,28,Probability,P8,Mathematical Expectation & Conditional Expectation,PLAIN,NUM,C,N,,"$Y_1=2X_1+3X_2,\ Y_2=X_1+2X_2$, with $X_1,X_2$ independent, $\text{Var}(Y_1)=72$, $\text{Var}(Y_2)=25$. What is $\text{Var}\!\left(\dfrac23X_1-4X_2\right)$? (a) $10$ (b) $22$ (c) $60$ (d) $68$"
2021,29,Probability,P1,"Classical & Axiomatic Probability, Consequences",PLAIN,EXPR,A,N,,"16 persons, including $A$ and $B$, sit at a round table. What is the probability that exactly 4 persons sit between $A$ and $B$? (a) $\dfrac{11}{240}$ (b) $\dfrac{11}{480}$ (c) $\dfrac{2}{15}$ (d) $\dfrac{1}{15}$"
2021,30,Statistical Methods,S3,Skewness & Kurtosis (Moments),PLAIN,NUM,A,N,,"$X\sim \text{Binomial}(n,p)$ with skewness $\gamma_1=1/6$ and kurtosis $\gamma_2=-1/12$. What are $n,p$? (a) $9,\ 2/3$ (b) $18,\ 1/3$ (c) $18,\ 2/3$ (d) $9,\ 1/3$"
2021,31,Statistical Methods,S2,Measures of Location & Dispersion,TBL,NUM,A,N,,"Frequency distribution: | Class | 1–5 | 6–10 | 11–15 | 16–20 | 21–25 | 26–30 | |---|---|---|---|---|---|---| | Frequency | 10 | 15 | 25 | 25 | 15 | 10 | Match List I with List II: List I: A. First decile B. First quartile C. Median D. Quartile deviation List II: 1. $5$ 2. $5.5$ 3. $10$ 4. $10.5$ 5. $15$ 6. $15.5$ (a) A-2, B-4, C-6, D-1 (b) A-1, B-3, C-5, D-2 (c) A-2, B-4, C-5, D-3 (d) A-1, B-3, C-4, D-2"
2021,32,Statistical Methods,S8,"Correlation: Distribution of r, Partial, Multiple, Intraclass, Correlation Ratio",PLAIN,EXPR,A,N,,"For three variables $x_1,x_2,x_3$ with every pairwise correlation equal to $r$, what is the partial correlation $r_{12.3}$? (a) $r$ (b) $\dfrac{1}{r+1}$ (c) $\dfrac{r}{r+1}$ (d) $\dfrac{1}{1-r}$"
2021,33,Statistical Methods,S10,"Sampling Distributions: Sample Mean, Sample Variance, t, Chi-square, F",MSA,SEL,A,N,,Consider the following statements: 1. Mean and variance of the chi-square distribution are not the same. 2. The sum of two chi-square variates is also a chi-square variate. (a) 1 only (b) 2 only (c) Both 1 and 2 (d) Neither 1 nor 2
2021,34,Statistical Methods,S8,"Correlation: Distribution of r, Partial, Multiple, Intraclass, Correlation Ratio",PLAIN,NUM,C,N,,The correlation coefficient of a random sample of size 11 from a bivariate normal population is $0.6$. The $t$-statistic for testing significance of the population correlation is (a) $2.25$ (b) $2.8$ (c) $6.75$ (d) $8.44$
2021,35,Statistical Methods,S12,Non-parametric Tests,PLAIN,NUM,B,N,,Samples of sizes 4 and 3 from $X$ and $Y$ combine as $x_3<x_2<y_1<y_2<x_4<y_3<x_1$. The Mann–Whitney statistic for identicality of distributions is (a) $5$ (b) $7$ (c) $10$ (d) $11$
2021,36,Statistical Methods,S12,Non-parametric Tests,PLAIN,NUM,B,N,,The variance of the Mann–Whitney statistic for independent samples of sizes 15 and 20 is (a) $28$ (b) $532$ (c) $875$ (d) $900$
2021,37,Statistical Methods,S14,Asymptotic Relative Efficiency,PLAIN,EXPR,B,N,,"In estimating $\mu$ from $N(\mu,\sigma^2)$, the sample mean is more asymptotically efficient than the sample median for all values of (a) $\mu$ and $\sigma^2$ (b) $\sigma^2$, iff $\mu=0$ (c) $\mu$, iff $\sigma^2=1$ (d) $\sigma^2$, iff $\mu\ne0$"
2021,38,Probability,P8,Mathematical Expectation & Conditional Expectation,PLAIN,NUM,A,N,,"$X$ takes value $(-1)^{i+1}\dfrac{2^i}{i!}$ with probability $\left(\dfrac12\right)^i$, for $i=1,2,3,\ldots$ (e.g. $X=2$ w.p. $1/2$, $X=-2$ w.p. $1/4$, …). What is $E(X)$? (a) $1$ (b) $e^{-1}$ (c) $e-1$ (d) $1-e^{-1}$"
2021,39,Statistical Methods,S2,Measures of Location & Dispersion,PLAIN,NUM,A,N,,"If the mean deviation of $x$ from its mean is $5$, the mean deviation of $y=2x+3$ from its mean is (a) $17$ (b) $13$ (c) $10$ (d) $5$"
2021,40,Statistical Methods,S12,Non-parametric Tests,MSA,SEL,B,N,,"Ordered lifetimes (days) of a component: $198,211,216,219,224,225,230,236,243,252,253,253,262,264,268,271,272,275,282,284,288,291,294,295$. 1. The sample is random with median lifetime $257.50$. 2. Mean number of runs is $13$ with standard deviation $1.396$. (a) 1 only (b) 2 only (c) Both 1 and 2 (d) Neither 1 nor 2"
2021,41,Numerical Analysis,N3,Divided Differences; Newton's & Lagrange's Formulae (Unequal Intervals),PLAIN,NAME,A,N,,Which statement is correct about Newton's divided difference formula? (a) It is a special case of Newton's forward difference formula. (b) It is inapplicable when arguments are uniformly spaced. (c) It applies whether or not the arguments are uniformly spaced. (d) The roles of argument and entry can be interchanged in this formula.
2021,42,Numerical Analysis,N8,"Numerical Solution of Differential Equations - Euler, Milne, Picard, Runge-Kutta",PLAIN,NUM,B,N,,"Approximate $y$ for $\dfrac{dy}{dx}=x+y$ by Runge–Kutta 4th order, at $x=0.1$, given $y(0)=1$: (a) $1.1103$ (b) $1.2124$ (c) $1.3236$ (d) $1.4125$"
2021,43,Numerical Analysis,N1,"Finite Differences: Operators, Factorial Polynomials, Separation of Symbols",PLAIN,EXPR,A,N,,$\Delta^3y_2$ is equal to (a) $y_2$ (b) $\Delta^2y_2$ (c) $\nabla^3y_5$ (d) $y_5$
2021,44,Numerical Analysis,N3,Divided Differences; Newton's & Lagrange's Formulae (Unequal Intervals),PLAIN,NUM,A,N,,"Data: $x=0,1,2,5$; $f(x)=2,3,12,147$. Degree of the Lagrange interpolation polynomial representing this data? (a) $4$ (b) $3$ (c) $2$ (d) $1$"
2021,45,Numerical Analysis,N6,"Numerical Integration - Trapezoidal, Simpson's 1/3 & 3/8, Weddle's Rule",PLAIN,NUM,A,N,,The number of subintervals required in Simpson's three-eighth rule is a multiple of (a) $2$ (b) $3$ (c) $4$ (d) $5$
2021,46,Numerical Analysis,N4,"Central Difference Formulae - Gauss, Stirling, Bessel; Error Terms",MSA,SEL,A,N,,"Consider the following statements: 1. Newton's forward formula is used to interpolate near the beginning of a table. 2. Bessel's formula is used to interpolate near the centre of a table. 3. Lagrange's formula is used for unequal subintervals. (a) 1 and 2 only (b) 2 and 3 only (c) 1 and 3 only (d) 1, 2 and 3"
2021,47,Numerical Analysis,N8,"Numerical Solution of Differential Equations - Euler, Milne, Picard, Runge-Kutta",PLAIN,NUM,B,N,,RK4's local truncation error $e$ is (a) $e=ch^4+O(h^5)$ (b) $e=ch^5+O(h^6)$ (c) $e=ch^3+O(h^4)$ (d) $e=ch^2+O(h^3)$
2021,48,Numerical Analysis,N2,Interpolation - Newton-Gregory Forward & Backward (Equal Intervals),PLAIN,NUM,A,N,,"Data: $x=-1,0,1,2$; $f=4,2,2,4$. The interpolating polynomial is (a) $2x^2-x+2$ (b) $x^2+x-2$ (c) $x^2-x+2$ (d) $2x^2+x-2$"
2021,49,Numerical Analysis,N3,Divided Differences; Newton's & Lagrange's Formulae (Unequal Intervals),PLAIN,EXPR,A,N,,"The second divided difference of $f(x)=1/x$ with arguments $a,b,c$ is (a) $f[a,b,c]=abc$ (b) $f[a,b,c]=\dfrac1a+\dfrac1b+\dfrac1c$ (c) $f[a,b,c]=\dfrac{1}{a+b+c}$ (d) $f[a,b,c]=\dfrac{1}{abc}$"
2021,50,Numerical Analysis,N8,"Numerical Solution of Differential Equations - Euler, Milne, Picard, Runge-Kutta",PLAIN,NUM,A,N,,"Second approximation to $y$ at $x=0.2$ for $\dfrac{dy}{dx}=x-y$, $y(0)=1$, by Picard's method: (a) $0.8278$ (b) $0.8387$ (c) $0.8327$ (d) $0.8297$"
2021,51,Computer Application and Data Processing,C10,"Data, Information, Database & DBMS; Frontend/Backend",PLAIN,NAME,A,N,,Which DBMS data model arranges data files in a tree structure? (a) Network model (b) Relational model (c) Hierarchical model (d) None of the above
2021,52,Computer Application and Data Processing,C7,"Networks: LAN, WAN, Internet, Intranet",MSA,SEL,A,N,,"Which is/are advantage(s) of star topology? 1. If the hub fails, the network is unaffected. 2. It requires more cable to connect nodes. 3. It allows easy error detection and correction. (a) 1 only (b) 2 only (c) 3 only (d) 2 and 3 only"
2021,53,Computer Application and Data Processing,C6,"Languages, Compiler, Assembler, Interpreter; Low & High Level",NEG,NAME,B,N,,Which is *not* correct about Python? (a) It is an interpreted language. (b) It is a platform-dependent language. (c) Its syntax is clear. (d) It is free and open source.
2021,54,Computer Application and Data Processing,C7,"Networks: LAN, WAN, Internet, Intranet",PLAIN,NAME,A,N,,Which protocol is commonly used to retrieve e-mail from a mail server? (a) FTP (b) IMAP (c) HTML (d) TELNET
2021,55,Computer Application and Data Processing,C5,"Software, Operating Systems, Packages & Utilities",NEG,NAME,A,N,,Which is *not* a real-time operating system? (a) MTOS (b) LINUX (c) Lynx (d) RTX
2021,56,Computer Application and Data Processing,C3,"Memory: RAM, ROM, Cache; Units of Memory & Storage Capacity",PLAIN,NAME,B,N,,In which technique is a virtual address used to map the physical address of data? (a) Segmentation (b) Swapping (c) Scheduling (d) Paging
2021,57,Computer Application and Data Processing,C6,"Languages, Compiler, Assembler, Interpreter; Low & High Level",NEG,NAME,A,N,,Which is *not* system software? (a) Linker (b) Operating system (c) Word processor (d) Assembler
2021,58,Computer Application and Data Processing,C4,Number Systems & Binary Arithmetic,PLAIN,NUM,A,N,,Which binary number gives output $100101$ when AND-ed with $101101$? (a) $101101$ (b) $100101$ (c) $111010$ (d) $110011$
2021,59,Computer Application and Data Processing,C2,"Hardware: Input, Output & Peripheral Devices",MSA,SEL,A,N,,"Which of the following are output devices? 1. Printer 2. Speaker 3. Plotter 4. Webcam (a) 1 and 2 only (b) 1, 2 and 3 only (c) 3 and 4 only (d) 1, 2, 3 and 4"
2021,60,Computer Application and Data Processing,C10,"Data, Information, Database & DBMS; Frontend/Backend",NEG,NAME,B,N,,Which is *not* a Raster image format? (a) JPEG (b) TIFF (c) GIF (d) SVG
2021,61,Numerical Analysis,N3,Divided Differences; Newton's & Lagrange's Formulae (Unequal Intervals),PLAIN,NUM,A,N,,"Given $$\det A=\begin{vmatrix}f(1) & f(2) & f(5)\\ 1 & 2 & 5\\ 1 & 1 & 1\end{vmatrix}=60.$$ What is the second divided difference $f[1,2,5]$? (a) $-5$ (b) $-1/5$ (c) $5$ (d) $1/5$"
2021,62,Numerical Analysis,N2,Interpolation - Newton-Gregory Forward & Backward (Equal Intervals),PLAIN,NUM,B,N,,"A degree-2 polynomial $f(x)$ has values $8,3,0,-1,0$ at $x=110,120,130,140,150$. What is $f(100)$? (a) $5$ (b) $10$ (c) $15$ (d) $20$"
2021,63,Numerical Analysis,N6,"Numerical Integration - Trapezoidal, Simpson's 1/3 & 3/8, Weddle's Rule",MSA,SEL,A,N,,"Consider the following statements: 1. Simpson's three-eighth rule assumes the integrand is a degree-3 polynomial on each sub-interval $[x_0+(i-1)h,\ x_0+ih]$, $1\le i\le n$. 2. To approximate $\int_a^b f(x)\,dx$ by the Trapezoidal rule, $[a,b]$ is divided into any number of equal sub-intervals. (a) 1 only (b) 2 only (c) Both 1 and 2 (d) Neither 1 nor 2"
2021,64,Numerical Analysis,N2,Interpolation - Newton-Gregory Forward & Backward (Equal Intervals),TBL,NUM,A,N,,"Cumulative data: | Marks below | 40 | 60 | 80 | 100 | 120 | |---|---|---|---|---|---| | No. of students | 250 | 370 | 470 | 540 | 590 | Approximate number of students securing marks between 60 and 70, via Newton's forward interpolation: (a) $54$ (b) $58$ (c) $62$ (d) $66$"
2021,65,Numerical Analysis,N3,Divided Differences; Newton's & Lagrange's Formulae (Unequal Intervals),PLAIN,SEL,A,N,,"Given $f(1)=0.98,\ f(2)=1.5,\ f(3)=4.7,\ f(5)=9.9$, $f(2.9)$ can be obtained using: 1. Lagrange's interpolation formula 2. Newton's divided difference formula (a) 1 only (b) 2 only (c) Both 1 and 2 (d) Neither 1 nor 2"
2021,66,Numerical Analysis,N3,Divided Differences; Newton's & Lagrange's Formulae (Unequal Intervals),PLAIN,NUM,B,N,,"Data: $x=1,2,4$; $f(x)=2,17,257$. An approximation to $f(3)$ is (a) $92$ (b) $102$ (c) $165$ (d) $182$"
2021,67,Numerical Analysis,N1,"Finite Differences: Operators, Factorial Polynomials, Separation of Symbols",PLAIN,NUM,A,N,,What is $\dfrac{\Delta^2}{E}(x^3)$ for $h=1$? (a) $6x$ (b) $3x$ (c) $2x$ (d) $x$
2021,68,Numerical Analysis,N8,"Numerical Solution of Differential Equations - Euler, Milne, Picard, Runge-Kutta",PLAIN,NUM,A,N,,"For $\dfrac{dy}{dx}=x^2+y^2$, $h=0.1$, $y(0)=0$, $0\le x\le0.4$, Euler's method gives $y_4\approx$ (a) $0.002$ (b) $0.005$ (c) $0.009$ (d) $0.014$"
2021,69,Numerical Analysis,N3,Divided Differences; Newton's & Lagrange's Formulae (Unequal Intervals),PLAIN,NUM,A,N,,"Data: $x=0,1,2,4,5,6$; $f(x)=1,14,15,5,6,19$. Using Newton's divided difference formula, $f(3)$ is (a) $1$ (b) $5$ (c) $10$ (d) $15$"
2021,70,Numerical Analysis,N1,"Finite Differences: Operators, Factorial Polynomials, Separation of Symbols",PLAIN,EXPR,A,N,,"Which holds for every $n\ge0$? (a) $\Delta^n x^{(n)}=nh^n$ (b) $\Delta^n x^{(n)}=n(n-1)h^n$ (c) $\Delta^n x^{(n)}=n!\,h$ (d) $\Delta^n x^{(n)}=n!\,h^n$"
2021,71,Computer Application and Data Processing,C7,"Networks: LAN, WAN, Internet, Intranet",PLAIN,NAME,A,N,,Which protocol determines the MAC address? (a) ICMP (b) IP (c) ARP (d) FTP
2021,72,Computer Application and Data Processing,C3,"Memory: RAM, ROM, Cache; Units of Memory & Storage Capacity",PLAIN,NUM,A,N,,"With 4 chips, how many data lines are required for Read/Write of a memory chip with 2048 locations, each of 2 bytes? (a) $11$ (b) $16$ (c) $2$ (d) $12$"
2021,73,Computer Application and Data Processing,C5,"Software, Operating Systems, Packages & Utilities",PLAIN,NAME,A,N,,A major security problem for operating systems is (a) Authentication problem (b) Physical problem (c) Human problem (d) None of the above
2021,74,Computer Application and Data Processing,C3,"Memory: RAM, ROM, Cache; Units of Memory & Storage Capacity",PLAIN,SEL,A,N,,"Types of memory: 1. Cache 2. ROM 3. Optical disks 4. Registers. Which are internal process memory? (a) 1 and 2 only (b) 1, 2 and 4 only (c) 1 and 4 only (d) 2, 3 and 4 only"
2021,75,Computer Application and Data Processing,C9,"Programming Basics: Algorithm, Flowchart, Control Structures, Arrays, Functions",PLAIN,SEL,A,N,,"Fragments: 1. Replication of a bug 2. Understanding the bug 3. Testing the bug 4. Fixing the bug. Which are parts of the debugging process? (a) 1, 2 and 4 only (b) 1 and 2 only (c) 1, 2, 3 and 4 (d) None of the above"
2021,76,Computer Application and Data Processing,C4,Number Systems & Binary Arithmetic,PLAIN,NUM,A,N,,Binary equivalent of Gray-coded number $10101110$ is (a) $10101110$ (b) $11011000$ (c) $11001011$ (d) $01010001$
2021,77,Computer Application and Data Processing,C3,"Memory: RAM, ROM, Cache; Units of Memory & Storage Capacity",PLAIN,NAME,B,N,,Which memory location does the CPU refer to first while searching for data? (a) ROM (b) Secondary memory (c) Main memory (d) Cache memory
2021,78,Computer Application and Data Processing,C4,Number Systems & Binary Arithmetic,PLAIN,NUM,A,N,,The hexadecimal equivalent of $(6251)_8$ is (a) CA8 (b) BA9 (c) CA9 (d) CA0
2021,79,Computer Application and Data Processing,C5,"Software, Operating Systems, Packages & Utilities",PLAIN,NAME,A,N,,Which is an example of an Embedded operating system? (a) Linux (b) Windows 2000 (c) Windows CE (d) MTOS
2021,80,Computer Application and Data Processing,C6,"Languages, Compiler, Assembler, Interpreter; Low & High Level",PLAIN,NAME,A,N,,What is the output of a lexical analyzer? (a) Parse tree (b) List of tokens (c) Intermediate code (d) Machine code
2022,1,Probability,P4,Standard Discrete Distributions,NEG,EXPR,A,N,,"Suppose $X_1,X_2,X_3,X_4$ are independent where $X_1,X_2,X_3$ have Bernoulli $\left(\frac13\right)$ distribution and $X_4$ follows $B\left(3,\frac23\right)$. The distribution of $X_1+X_2+X_3+3-X_4$ is: (a) $B\left(5,\frac13\right)$ (b) $B\left(6,\frac13\right)$ (c) $B\left(6,\frac23\right)$ (d) not a Binomial"
2022,2,Probability,P4,Standard Discrete Distributions,PLAIN,EXPR,B,N,,"A large number of candidates from three States A, B, C appear at a selection test. 10 candidates are selected independently, of which $X,Y,Z$ are respectively from A, B, C. If a candidate from A had twice as much chance as one from B or C to be selected, $\text{cov}(Y,Z)$ equals: (a) $-\frac54$ (b) $-\frac58$ (c) 0 (d) $\frac{15}{8}$"
2022,3,Probability,P10,Modes of Convergence of Sequences of Random Variables,PLAIN,EXPR,A,N,,"Suppose $\{X_n:n\geq1\}$ is a sequence of independent random variables, and for each $n\geq1$, $X$ takes values $-\frac{3n}{2}, -n, \frac{n}{2}, n$ with probability $\frac14$ each. The sequence $Y_n = \frac{1}{n^\alpha}\sum_{i=1}^n \frac{x_i}{i}$ converges in probability to 0 if and only if: (a) $\alpha>1$ (b) $\alpha=1$ (c) $\alpha\geq1$ (d) $\alpha>\frac32$"
2022,4,Probability,P1,"Classical & Axiomatic Probability, Consequences",PLAIN,EXPR,A,N,,"A city receives three newspapers A, B, C. A has 50% of readers, B has 30%, C has the remaining 20%. Assuming no one reads more than one paper, the probability that among 6 randomly chosen readers, 3 read A, 2 read B, and 1 reads C, is: (a) $\frac14$ (b) $\frac18$ (c) $\frac{27}{100}$ (d) $\frac{27}{200}$"
2022,5,Probability,P8,Mathematical Expectation & Conditional Expectation,PLAIN,NUM,A,N,,"If $X$ is a Poisson random variable with $P(X=1)=P(X=2)$, what is $V(X)$ equal to? (a) 0 (b) 1 (c) 2 (d) 3"
2022,6,Probability,P4,Standard Discrete Distributions,PLAIN,EXPR,A,N,,"If $X$ has binomial distribution with $n=3$ and $p=\frac13$, what is $E((X-1)^3)$? (a) $\frac19$ (b) $\frac29$ (c) $\frac49$ (d) $\frac59$"
2022,7,Probability,P6,"Random Vectors: Joint, Marginal & Conditional Distributions",PLAIN,EXPR,A,N,,"$X$ and $Y$ have joint p.m.f. $p(x,y) = \frac{x+y}{21}$ for $x=1,2,3$; $y=1,2$ (0 otherwise). What is $P(X-Y\leq0.5)$ equal to? (a) $\frac23$ (b) $\frac47$ (c) $\frac37$ (d) $\frac{17}{21}$"
2022,8,Probability,P1,"Classical & Axiomatic Probability, Consequences",PLAIN,EXPR,B,N,,"A group of $2n$ boys and $2n$ girls is divided at random into two equal batches. What is the probability that each batch will be equally divided into boys and girls? (a) $\frac{C(2n,n)}{C(4n,n)}$ (b) $\frac{\{C(2n,n)\}^2}{C(4n,2n)}$ (c) $\frac{\{C(2n,n)\}^2}{\{C(4n,n)\}^2}$ (d) $\frac{C(2n,n)}{\{C(4n,2n)\}^2}$"
2022,9,Probability,P8,Mathematical Expectation & Conditional Expectation,PLAIN,NUM,C,Y,"**Q9–Q10 share this setup.** Let the joint density function of $X$ and $Y$ be $$f(x,y) = \begin{cases} \dfrac{y}{(1+x)^4}\exp\left(-\dfrac{y}{1+x}\right), & x\geq0,\ y\geq0 \\ 0, & \text{otherwise}\end{cases}$$",What is the value of $E[Y\mid X=10]$? (a) 22 (b) 25 (c) 30 (d) 32
2022,10,Statistical Methods,S7,Regression - Linear & Polynomial,PLAIN,EXPR,A,Y,"**Q9–Q10 share this setup.** Let the joint density function of $X$ and $Y$ be $$f(x,y) = \begin{cases} \dfrac{y}{(1+x)^4}\exp\left(-\dfrac{y}{1+x}\right), & x\geq0,\ y\geq0 \\ 0, & \text{otherwise}\end{cases}$$",What is the equation of regression of $Y$ on $X$? (a) $Y=2X+2$ (b) $Y=3X+5$ (c) $Y=\frac{X}{2}+5$ (d) $Y=3X+\frac52$
2022,11,Statistical Methods,S8,"Correlation: Distribution of r, Partial, Multiple, Intraclass, Correlation Ratio",TBL,EXPR,A,N,,Consider the bivariate data: | X | 1 | 2 | 3 | 4 | 5 | |---|---|---|---|---|---| | Y | 4 | 1 | 0 | 1 | 4 | What is the correlation coefficient? (a) 0 (b) $-\frac12$ (c) $-1$ (d) 1
2022,12,Statistical Methods,S10,"Sampling Distributions: Sample Mean, Sample Variance, t, Chi-square, F",PLAIN,NUM,C,N,,"Let $X_1,\ldots,X_5$ be a random sample of size 5 from a standard normal population. Let $\overline{X}=\frac{\sum_{i=1}^5 X_i}{5}$ and $T=\sum_{i=1}^5(X_i-\overline{X})^2$. What is $E(T^2\overline{X}^2)$ equal to? (a) 4.0 (b) 4.2 (c) 24.2 (d) 25.2"
2022,13,Statistical Methods,S6,Bivariate Normal Distribution,PLAIN,NUM,A,N,,"If $(X,Y)\sim BVN(10,20,100,100,0.5)$, what is $E(e^{X+Y})$? (a) $e^{150}$ (b) $e^{180}$ (c) $e^{100}$ (d) $e^{220}$"
2022,14,Statistical Methods,S7,Regression - Linear & Polynomial,PLAIN,NUM,B,N,,"Given $n=4$, $\sum x^2=164$, $\sum y^2=572$, $\sum x=24$, $\sum y=44$, $\sum xy=300$. What is the estimated value of $X$ when $Y=10$? (a) 2.59 (b) 3.59 (c) 4.59 (d) 5.59"
2022,15,Statistical Methods,S6,Bivariate Normal Distribution,PLAIN,EXPR,A,N,,"Let $(X_1,X_2)$ follow bivariate normal with $E(X_1)=E(X_2)=0$, $V(X_1)=V(X_2)=1$, $\text{Corr}(X_1,X_2)=\rho$. What is $E(X_1^2X_2^2)$? (a) $\rho^2+\frac12$ (b) $\frac{\rho^2}{2}+\frac23$ (c) $3\rho^2+4$ (d) $2\rho^2+1$"
2022,16,Statistical Methods,S8,"Correlation: Distribution of r, Partial, Multiple, Intraclass, Correlation Ratio",PLAIN,NUM,A,N,,"For a trivariate distribution, $r_{12}=r_{13}=r_{23}=r$ where $r_{ij}$ is the correlation coefficient between $X_i$ and $X_j$. If $R^2_{1.23}$ is the multiple correlation coefficient, the expression for $(1-R^2_{1.23})$ is: (a) $(1-r)(1-2r)(1+r)^{-1}$ (b) $(1-r)(1+2r)(1+r)^{-1}$ (c) $(1-r)(1-2r)(1-r)^{-1}$ (d) $(1-r)(1+2r)(1-r)^{-1}$"
2022,17,Statistical Methods,S10,"Sampling Distributions: Sample Mean, Sample Variance, t, Chi-square, F",PLAIN,EXPR,A,N,,"If $X$ is normally distributed with mean $\mu$, variance 1, and $Y^2$ is independently distributed as central $\chi^2$ with $f$ degrees of freedom, what is the value of $$\int_{-\infty}^{\infty}\int_0^{\infty} y^{f-2}\, e^{\frac{-(x^2+y^2)}{2}+\mu x}\, dy^2\, dx\ ?$$ (a) $\Gamma\left(\frac{f}{2}\right)2^{\frac{\mu+1}{2}}$ (b) $\Gamma\left(\frac{f}{2}\right)2^{\frac{f+1}{2}}\sqrt\pi\, e^{\frac{\mu^2}{2}}$ (c) $\sqrt\pi\, e^{\frac{\mu^2}{2}}$ (d) $\Gamma\left(\frac{f}{2}\right)2^{\frac{f+1}{2}}\sqrt\pi\, e^{-\frac{\mu^2}{2}}$"
2022,18,Statistical Methods,S6,Bivariate Normal Distribution,MSA,SEL,A,N,,"Let $(X,Y)\sim BVN(0,0,1,1,\rho)$. Consider the statements: 1. $(X+Y)$ and $(X-Y)$ are independently distributed. 2. $(X+Y)$ follows normal distribution with mean 0 and variance $2(1+\rho)$. 3. $(X-Y)$ follows normal distribution with mean 0 and variance $2(1-\rho)$. Which of the above is/are correct? (a) 1 only (b) 1 and 2 only (c) 2 and 3 only (d) 1, 2 and 3"
2022,19,Statistical Methods,S8,"Correlation: Distribution of r, Partial, Multiple, Intraclass, Correlation Ratio",PLAIN,EXPR,C,N,,"If $r$ is a sample correlation coefficient in a random sample of size $n$ from a bivariate normal population with $\rho=0$, the distribution of $r^2$ is: (a) $\beta(1,n-2)$ (b) $\beta\left(\frac12,\frac{n-2}{2}\right)$ (c) $\beta(2,n-3)$ (d) $\beta\left(\frac13,\frac{n-3}{3}\right)$"
2022,20,Statistical Methods,S8,"Correlation: Distribution of r, Partial, Multiple, Intraclass, Correlation Ratio",MSA,SEL,A,N,,"If $R_{1.23}=0$, which of the following statements is/are correct? 1. $X_1$ is uncorrelated with $X_2$ and $X_3$. 2. $X_2$ is uncorrelated with $X_3$. 3. $(1-r_{12}^2)(1-r_{13.2}^2)=1$. (a) 1 only (b) 1 and 2 (c) 1 and 3 (d) 2 and 3"
2022,21,Numerical Analysis,N6,"Numerical Integration - Trapezoidal, Simpson's 1/3 & 3/8, Weddle's Rule",PLAIN,EXPR,A,N,,"Suppose $f$ is a three-time differentiable function on $[0,2]$. $\int_0^2 f(x)\,dx$ is computed using trapezoidal rule partitioning $[0,2]$ into 10 equal subintervals. The error is given by: (a) $-\frac{2}{25}f'(t)$ for some $t\in[0,2]$ (b) $-\frac{1}{150}f''(t)$ for some $t\in[0,2]$ (c) $-\frac{1}{300}f''(t)$ for some $t\in[0,2]$ (d) $-\frac{1}{150}f'''(t)$ for some $t\in[0,2]$"
2022,22,Numerical Analysis,N8,"Numerical Solution of Differential Equations - Euler, Milne, Picard, Runge-Kutta",PLAIN,EXPR,A,N,,"Euler's method is used to solve $\frac{dy}{dt}=\sin y$, $y(0)=1$, $t\in(0,7)$. The local truncation error is always bounded by: (a) $\frac{h}{2}$ (b) $\frac{h^2}{2}$ (c) $\frac{h^2}{4}$ (d) $\frac{3h}{2}$"
2022,23,Numerical Analysis,N1,"Finite Differences: Operators, Factorial Polynomials, Separation of Symbols",PLAIN,NUM,A,N,,What is $\left(\frac{\Delta^2}{E}\right)e^x \times \frac{Ee^x}{\Delta^2e^x}$ equal to? (interval of differencing $=h$) (a) 0 (b) $e^{-x}$ (c) $e^{2x}$ (d) $e^x$
2022,24,Numerical Analysis,N6,"Numerical Integration - Trapezoidal, Simpson's 1/3 & 3/8, Weddle's Rule",TBL,NUM,A,N,,"Consider the data: | x | 0 | 1.0 | 1.5 | 2.0 | |---|---|---|---|---| | f(x) | 1.1 | 2.4 | 5.7 | 8.1 | Let $I=\int_0^2 f(x)\,dx$. Combining Trapezoidal rule on $[0,1]$ and Simpson's one-third rule on $[1,2]$ gives $I$ as: (a) 7.30 (b) 5.55 (c) 3.65 (d) 3.33"
2022,25,Numerical Analysis,N1,"Finite Differences: Operators, Factorial Polynomials, Separation of Symbols",PLAIN,EXPR,B,N,,"What is $\frac{1}{E-8}(x^2\,2^x)$ equal to? (interval of differencing $=1$) (a) $-\frac{2^x}{54}(9x^2-6x-1)$ (b) $\frac{2^x}{54}(9x^2-6x-1)$ (c) $-\frac{2^x}{54}(9x^2+6x+5)$ (d) $\frac{2^x}{54}(9x^2+6x+5)$"
2022,26,Numerical Analysis,N4,"Central Difference Formulae - Gauss, Stirling, Bessel; Error Terms",PLAIN,NAME,A,N,,Bessel's interpolation formula is most appropriate when $p=(x-x_0)/h$: (a) lies between $-0.25$ and $+0.25$ (b) lies between $0.25$ and $0.75$ (c) lies between $0.75$ and $1$ (d) is greater than 1
2022,27,Numerical Analysis,N3,Divided Differences; Newton's & Lagrange's Formulae (Unequal Intervals),PLAIN,NUM,A,N,,"Applying Lagrange's formula inversely, the value of $x$ from the data $y_1=4$, $y_3=12$, $y_4=19$, $y_x=7$ is approximately: (a) 1.86 (b) 1.98 (c) 2.16 (d) 2.36"
2022,28,Numerical Analysis,N1,"Finite Differences: Operators, Factorial Polynomials, Separation of Symbols",PLAIN,EXPR,A,N,,"Central finite difference approximation for the second-order derivative of $f(x)$ at $x_i$, equally spaced points of step length $h$, is: (a) $\frac{f_{i-1}+f_i+f_{i+1}}{h^2}$ (b) $\frac{f_{i+1}-f_{i-1}}{2h^2}$ (c) $\frac{f_{i-1}-2f_i+f_{i+1}}{h^2}$ (d) $\frac{f_i-2f_{i-1}+f_{i-2}}{h^2}$"
2022,29,Numerical Analysis,N3,Divided Differences; Newton's & Lagrange's Formulae (Unequal Intervals),PLAIN,EXPR,B,N,,"If $f(x)=\frac1x$, the value of $f(x_1,x_2,\ldots,x_n)$ is equal to: (a) $(-1)^n\frac{1}{x_1x_2\cdots x_n}$ (b) $(-1)^{n-1}\frac{1}{x_1x_2\cdots x_n}$ (c) $\frac{n}{x_1x_2\cdots x_n}$ (d) $\frac{1}{x_1x_2\cdots x_n}$"
2022,30,Numerical Analysis,N1,"Finite Differences: Operators, Factorial Polynomials, Separation of Symbols",PLAIN,NUM,A,N,,What is $E(\Delta^n e^{ax+b})$ equal to? (step length $h=1$) (a) $e^{ax+b}(e^a-1)^{n+1}$ (b) $e^{ax+b}e^a(e^a-1)^n$ (c) $e^{ax+b}(e^a-1)^n$ (d) $e^{ax+b}e^a(e^a-1)^{n+1}$
2022,31,Computer Application and Data Processing,C1,"Computer Organisation: CPU, ALU, Control & Memory Units, I/O Units",PLAIN,NAME,B,N,,Which one of the following registers keeps track of the next instruction to be executed? (a) Program counter (b) Instruction register (c) Accumulator RAM (d) Memory Address Register
2022,32,Computer Application and Data Processing,C4,Number Systems & Binary Arithmetic,PLAIN,NAME,A,N,,The highest digit possible in any number system is: (a) equal to base of the number system (b) equal to one less than the base of the number system (c) equal to one more than the radix of number system (d) equal to two less than the base of the number system
2022,33,Computer Application and Data Processing,C5,"Software, Operating Systems, Packages & Utilities",PLAIN,SEL,A,N,,"Consider the conditions: 1. Mutual exclusion, 2. Hold and wait, 3. No pre-emption. Under which of these may deadlock arise? (a) 1 and 2 only (b) 1 and 3 only (c) 2 and 3 only (d) 1, 2 and 3"
2022,34,Computer Application and Data Processing,C3,"Memory: RAM, ROM, Cache; Units of Memory & Storage Capacity",PLAIN,NAME,B,N,,Which one of the following refers to associative memory? (a) The address of the data is generated by the CPU (b) The address of the data is supplied by the users (c) The data are accessed sequentially (d) There is no need for an address because the data is used as an address
2022,35,Computer Application and Data Processing,C3,"Memory: RAM, ROM, Cache; Units of Memory & Storage Capacity",PLAIN,NUM,A,N,,The 2's complement representation of $-59$ in an 8-bit word size computer system is: (a) 11000100 (b) 11000101 (c) 00111011 (d) 11011010
2022,36,Computer Application and Data Processing,C10,"Data, Information, Database & DBMS; Frontend/Backend",MSA,SEL,B,N,,"Which of the following are raster image formats? 1. JPEG, 2. GIF, 3. PNG, 4. SVG (a) 1, 2 and 3 (b) 1, 2 and 4 (c) 1, 3 and 4 (d) 2, 3 and 4"
2022,37,Computer Application and Data Processing,C8,"Computer Security: Virus, Antivirus, Firewall, Spyware, Malware",PLAIN,NAME,B,N,,Data Encryption Standard (DES) is: (a) Asymmetric-key cryptographic algorithm (b) Symmetric-key cryptographic algorithm (c) High speed data transmission algorithm (d) Low speed data transmission algorithm
2022,38,Computer Application and Data Processing,C7,"Networks: LAN, WAN, Internet, Intranet",PLAIN,NAME,A,N,,Which one of the following is a dedicated phone line that connects a computer to the internet? (a) Dial-up access (b) Digital subscriber line (c) Integrated Services Digital Network (d) Leased line
2022,39,Computer Application and Data Processing,C4,Number Systems & Binary Arithmetic,PLAIN,NUM,A,N,,"In octal number system, the hexadecimal number $(32FC.75)$ is equivalent to: (a) $(31375.452)_8$ (b) $(73256.732)_8$ (c) $(31374.352)_8$ (d) $(26753.175)_8$"
2022,40,Computer Application and Data Processing,C5,"Software, Operating Systems, Packages & Utilities",NEG,SEL,B,N,,"Consider the statements about Batch processing OS: 1. All jobs are processed as per their priority. 2. Debugging of a program at execution time is not possible. 3. After execution of one job, the next job is fetched automatically. Which are correct? (a) 1 and 2 only (b) 2 and 3 only (c) 1 and 3 only (d) 1, 2 and 3"
2022,41,Probability,P13,Laws of Large Numbers & Central Limit Theorems,PLAIN,NAME,A,N,,A sequence of i.i.d. random variables $\{X_k\}$ obeys the strong law of large numbers if: (a) $\text{Var}(X_k)<\infty$ (b) $\text{Var}(X_k)=\infty$ (c) $E(X_k)<\infty$ (d) Information is insufficient to conclude
2022,42,Probability,P2,"Conditional Probability, Law of Total Probability, Bayes' Theorem",PLAIN,EXPR,A,N,,"An urn contains 3 white and 4 black balls. A ball is drawn, its colour noted, returned along with two additional balls of the same colour. If a ball is drawn again, what is the probability it is white? (a) $\frac37$ (b) $\frac47$ (c) $\frac13$ (d) $\frac59$"
2022,43,Probability,P5,Standard Continuous Distributions,PLAIN,EXPR,C,N,,"Let $X$ be continuous with density $f(x)=\frac12e^{-|x|}$, $-\infty<x<\infty$. What is $P(-1<X<2)$ equal to? (a) $\frac12(2-e^{-1}-e^{-2})$ (b) $\frac12(2+e^{-1}-e^{-2})$ (c) $\frac12(2-e^{-1}+e^{-2})$ (d) $\frac12(2+e^{-1}+e^{-2})$"
2022,44,Probability,P2,"Conditional Probability, Law of Total Probability, Bayes' Theorem",PLAIN,EXPR,B,N,,"A box contains two coins, one ""fair"" and one ""two headed"". One coin is chosen at random and tossed twice. If two heads appear, what is the probability the chosen coin was ""two headed""? (a) $\frac12$ (b) $\frac13$ (c) $\frac14$ (d) $\frac45$"
2022,45,Probability,P10,Modes of Convergence of Sequences of Random Variables,PLAIN,NAME,B,N,,"What is the limiting distribution function of the sequence $$F_n(x) = \begin{cases} 0, & x<-n \\ \dfrac{x+n}{2n}, & -n\leq x\leq n \\ 1, & x>n\end{cases}$$ (a) Distribution function of a random variable degenerating at 0 (b) Distribution function of a random variable degenerating at 1 (c) Distribution function of a $U(0,1)$ random variable (d) The limiting distribution function does not exist"
2022,46,Probability,P11,"Borel 0-1 Law, Kolmogorov 0-1 Law",PLAIN,EXPR,B,N,,"The probability that in a sequence of Bernoulli trials, the pattern SFSF appears infinitely often, is equal to: (a) 1 (b) $\frac12$ (c) $\frac14$ (d) 0"
2022,47,Probability,P3,Random Variables & Distribution Functions,PLAIN,NUM,A,N,,"The pdf of $X$ is $f(x) = \dfrac{kx^3}{(1+2x)^6}$, $x>0$ (0 otherwise). What is the value of $k$? (a) 80 (b) 160 (c) 240 (d) 320"
2022,48,Probability,P5,Standard Continuous Distributions,PLAIN,NUM,C,N,,"A beta distribution of first type with parameters $m,n$ has mean $\frac13$ and variance $\frac{2}{63}$. What are $m$ and $n$ respectively? (a) 2, 4 (b) 4, 2 (c) 2, 2 (d) 3, 6"
2022,49,Probability,P6,"Random Vectors: Joint, Marginal & Conditional Distributions",PLAIN,NUM,A,N,,"Let $(X,Y)$ be jointly distributed with pdf $f(x,y)=2$, $0<x<y<1$. The marginal pdf of $Y$ is: (a) $f(y)=1-y,\ 0<y<1$ (b) $f(y)=2y,\ 0<y<1$ (c) $f(y)=1-2y,\ 0<y<1$ (d) $f(y)=2-3y,\ 0<y<1$"
2022,50,Probability,P3,Random Variables & Distribution Functions,PLAIN,EXPR,A,N,,"The distribution function of $X$ is $$F(x) = \begin{cases} 0, & x<0 \\ \dfrac{x}{5}, & 0\leq x\leq5 \\ 1, & x>5\end{cases}$$ What is $P[1.5\leq X\leq2.5]$ equal to? (a) 1 (b) $\frac35$ (c) $\frac25$ (d) $\frac15$"
2022,51,Statistical Methods,S2,Measures of Location & Dispersion,MSA,SEL,B,N,,"For $n$ observations $x_1,\ldots,x_n$, consider: 1. $R=\dfrac{\sum|x_i-M|}{\sum|x_i-\overline{X}|}$, $M$(median)$\neq\overline{X}$(mean) $\Rightarrow R<1$. 2. $R=\dfrac{\sum(x_i-A)^2}{\sum(x_i-\overline{X})^2}$, $A$(assumed mean)$\neq\overline{X} \Rightarrow R>1$. 3. $R=\dfrac{\sum(x_i-M)^2}{\sum(x_i-\overline{X})^2}$, $M$(median)$\neq\overline{X} \Rightarrow R>1$. (all sums run $i=1$ to $n$.) Which statements are correct? (a) 1 and 2 only (b) 2 and 3 only (c) 1 and 3 only (d) 1, 2 and 3"
2022,52,Statistical Methods,S13,"Order Statistics - Minimum, Maximum, Range, Median",PLAIN,NUM,C,N,,"Let $X_i$ be i.i.d., $i=1,\ldots,n$, with c.d.f. $F(x)$, p.d.f. $f(x)$. The p.d.f. $g_Z(x)$ where $Z=\min\{X_1,\ldots,X_n\}$ is: (a) $n[F(x)]^{n-1}f(x)$ (b) $n[1-F(x)]^{n-1}f(x)$ (c) $[1-F(x)]^{n-1}f(x)$ (d) $[F(x)]^{n-1}f(x)$"
2022,53,Statistical Methods,S12,Non-parametric Tests,PLAIN,NAME,A,N,,Which non-parametric test is analogous to a Chi-square test of goodness of fit? (a) Mann-Whitney test (b) Kolmogorov-Smirnov test (c) Wilcoxon test (d) Median test
2022,54,Statistical Methods,S11,Tests of Significance & Small Sample Tests,PLAIN,NAME,A,N,,"To test $H_0:\sigma^2=\sigma_0^2$ in $N(0,\sigma^2)$, the appropriate test would be: (a) t-test (b) Chi-square test (c) F-test (d) Normal test"
2022,55,Probability,P12,Tchebycheff's & Kolmogorov's Inequalities,MSA,SEL,B,N,,"Let $\beta_n=E(|x|^n)$. For non-degenerate random values, consider: 1. $\beta_k^{1/k} > \beta_{k+1}^{1/(k+1)}$ for $k=1,2,3,\ldots$ 2. $\beta_1 \leq \beta_2^{1/2} \leq \beta_3^{1/3} \leq \cdots \leq \beta_n^{1/n}$ (a) 1 only (b) 2 only (c) Both 1 and 2 (d) Neither 1 nor 2"
2022,56,Statistical Methods,S4,Bivariate & Multivariate Data; Association & Contingency,MSA,SEL,B,N,,"Among 1482 persons exposed to COVID-19, 368 were attacked with the virus. Among the 1482, 343 were vaccinated, and among them only 35 were attacked. Consider: 1. Vaccination and attack are positively associated. 2. Vaccination may be a preventive measure. (a) 1 only (b) 2 only (c) Both 1 and 2 (d) Neither 1 nor 2"
2022,57,Statistical Methods,S12,Non-parametric Tests,PLAIN,SEL,A,N,,Which one of the following is correct regarding non-parametric methods? (a) Sign test uses rank only (b) Wilcoxon test uses both sign and rank (c) Mann-Whitney test is a one-sample test (d) Kruskal-Wallis test is a two-sample test
2022,58,Statistical Methods,S12,Non-parametric Tests,PLAIN,NUM,B,N,,"A person has 10 black, 8 red, 5 green, 12 orange, 15 blue balls. The $\chi^2$ value testing $H_0$: colours occur with equal frequency, is: (a) 6.9 (b) 5.8 (c) 5.6 (d) 5.4"
2022,59,Statistical Methods,S9,Standard Errors & Large Sample Tests,PLAIN,NUM,B,N,,"The 95% CI for population mean, sample size 100 from $N(\mu,25)$, sample mean $5.96$ ($Z=1.96$): (a) $[5.47, 6.45]$ (b) $[4.98, 6.94]$ (c) $[5, 6]$ (d) $[4.1, 6.99]$"
2022,60,Probability,P7,Distributions of Functions of Random Variables,PLAIN,EXPR,C,N,,"If $X\sim U[0,1]$, the pdf of $(-2\log X)$ is: (a) Uniform (b) $\beta\left(\frac12,\frac12\right)$ (c) $\chi^2_{n/2}$ degrees of freedom (d) Exponential with $\theta=1/2$"
2022,61,Numerical Analysis,N1,"Finite Differences: Operators, Factorial Polynomials, Separation of Symbols",PLAIN,NAME,A,N,,"Consider the expressions (n, m positive integers): 1. $E^2x^2=(Ex)^2$; 2. $E^n=(1+\Delta)^n$; 3. $E^nE^mf(x)=E^{n+m}f(x)$; 4. $\Delta^n\Delta^mf(x)=\Delta^{n+m}f(x)$. How many are correct? (a) Only one expression (b) Only two expressions (c) Only three expressions (d) All four expressions"
2022,62,Numerical Analysis,N2,Interpolation - Newton-Gregory Forward & Backward (Equal Intervals),PLAIN,NUM,A,N,,"Given $f(0)=5$, $f(1)=1$, $f(2)=9$, $f(3)=25$, $f(4)=55$. Approximate $f(5)$ using Newton-Gregory forward interpolation. (a) 108 (b) 110 (c) 112 (d) 115"
2022,63,Numerical Analysis,N2,Interpolation - Newton-Gregory Forward & Backward (Equal Intervals),PLAIN,NUM,B,N,,"If $y_{10}=3$, $y_{11}=6$, $y_{12}=11$, $y_{13}=18$, $y_{14}=27$, what is $y_4$ equal to? (a) 3 (b) 4 (c) 9 (d) 27"
2022,64,Numerical Analysis,N1,"Finite Differences: Operators, Factorial Polynomials, Separation of Symbols",PLAIN,EXPR,A,N,,"If $\Delta$ and $\nabla$ are the forward and backward difference operators, what is $\Delta-\nabla$ equal to? (a) $-\Delta\nabla$ (b) $\Delta\nabla$ (c) $\Delta+\nabla$ (d) $\dfrac{\Delta}{\nabla}$"
2022,65,Numerical Analysis,N1,"Finite Differences: Operators, Factorial Polynomials, Separation of Symbols",PLAIN,NUM,B,N,,"Consider $f(1)=12$, $f(2)=40$, $f(3)=90$, $f(4)=168$, $f(5)=280$, $f(6)=432$. The polynomial conforming to the data is: (a) $f(x)=x^3+5x^2+5x+1$ (b) $f(x)=x^3+4x^2+6x+1$ (c) $f(x)=x^3+5x^2+4x+2$ (d) $f(x)=x^3+5x^2+6x$"
2022,66,Numerical Analysis,N1,"Finite Differences: Operators, Factorial Polynomials, Separation of Symbols",PLAIN,NAME,A,N,,"If $u=\Delta[f(x-1)\Delta g(x-1)]$, $v=\nabla[f(x)\Delta g(x)]$, $w=\Delta[f(x-1)\nabla g(x)]$, difference interval $=1$, which is correct? (a) Only $u=v$ (b) Only $v=w$ (c) Only $u=w$ (d) $u=v=w$"
2022,67,Numerical Analysis,N1,"Finite Differences: Operators, Factorial Polynomials, Separation of Symbols",PLAIN,NAME,A,N,,Consider: 1. $\mu=\sqrt{1+\frac{\delta^2}{4}}$; 2. $\Delta=\frac{\delta^2}{2}+\delta\sqrt{1+\frac{\delta^2}{4}}$; 3. $\nabla=-\frac{\delta^2}{2}+\sqrt{1+\frac{\delta^2}{4}}$. How many expressions are correct? (a) Only one expression (b) Only two expressions (c) All three expressions (d) No expression
2022,68,Numerical Analysis,N2,Interpolation - Newton-Gregory Forward & Backward (Equal Intervals),MSA,SEL,A,N,,"For $f(20)=512$, $f(30)=439$, $f(40)=346$, $f(50)=243$, consider: 1. $f(x)$ can be approximated by a polynomial of degree 2. 2. $f(25)$ can be obtained as 477 approximately using Newton-Gregory forward difference interpolation. (a) 1 only (b) 2 only (c) Both 1 and 2 (d) Neither 1 nor 2"
2022,69,Numerical Analysis,N1,"Finite Differences: Operators, Factorial Polynomials, Separation of Symbols",PLAIN,EXPR,A,N,,What is $\Delta^2\left(\dfrac{a^{4x}}{(a^2-1)^2}\right)$ equal to? (interval of differencing $=1$) (a) $(a^2+1)^4a^{4x}$ (b) $\dfrac{a^{4x}}{(a^2+1)^2}$ (c) $(a^2+1)^2a^{4x}$ (d) $\dfrac{a^{4x}}{(a^2+1)^4}$
2022,70,Numerical Analysis,N1,"Finite Differences: Operators, Factorial Polynomials, Separation of Symbols",PLAIN,EXPR,A,N,,What is $\Delta E^2[(3x-3)^{(-2)}]$ at $x=1$ equal to? (interval of differencing $=1$) (a) $-\frac{1}{30}$ (b) $\frac{1}{30}$ (c) $-\frac{1}{270}$ (d) $\frac{1}{270}$
2022,71,Computer Application and Data Processing,C3,"Memory: RAM, ROM, Cache; Units of Memory & Storage Capacity",PLAIN,NAME,A,N,,On which type of ROM can data be written only once? (a) PROM (b) EPROM (c) EEPROM (d) EROM
2022,72,Computer Application and Data Processing,C5,"Software, Operating Systems, Packages & Utilities",PLAIN,NAME,B,N,,What is the correct sequence of a cycle of a process in execution? (a) Ready → Waiting → Executing → Terminated → Blocked (b) Ready → Waiting → Executing → Blocked (c) Waiting → Ready → Executing → Blocked (d) Waiting → Ready → Executing → Terminated
2022,73,Computer Application and Data Processing,C1,"Computer Organisation: CPU, ALU, Control & Memory Units, I/O Units",PLAIN,SEL,B,N,,"By using which units is data processing performed by a computer system? 1. Monitor, 2. Memory unit, 3. CPU (a) 1 and 2 only (b) 2 and 3 only (c) 1 and 3 only (d) 1, 2 and 3"
2022,74,Computer Application and Data Processing,C1,"Computer Organisation: CPU, ALU, Control & Memory Units, I/O Units",PLAIN,SEL,B,N,,"Consider statements on machine cycle: 1. It consists of four phases — fetching, decoding, executing, storing. 2. It is a cycle in which machine language instructions are executed. 3. A program of 6 machine language instructions runs in 6 separate machine cycles. (a) 1 and 2 only (b) 2 and 3 only (c) 1 and 3 only (d) 1, 2 and 3"
2022,75,Computer Application and Data Processing,C7,"Networks: LAN, WAN, Internet, Intranet",PLAIN,NAME,A,N,,Which one of the following provides application-independent security and privacy over the internet? (a) IP security protocol (b) Secure socket layer (c) Internet protocol (d) Transmission control protocol
2022,76,Computer Application and Data Processing,C3,"Memory: RAM, ROM, Cache; Units of Memory & Storage Capacity",MSA,SEL,A,N,,"Which of the following is/are non-volatile? 1. DRAM, 2. SRAM, 3. EPROM (a) 1 only (b) 3 only (c) 1 and 3 (d) 2 and 3"
2022,77,Computer Application and Data Processing,C7,"Networks: LAN, WAN, Internet, Intranet",PLAIN,SEL,A,N,,"Consider network topologies: 1. Bus, 2. Star, 3. Ring, 4. Mesh. In which does the failure of one computer not affect the others? (a) 1, 2 and 4 (b) 1, 3 and 4 (c) 3 and 4 only (d) 1 and 2 only"
2022,78,Computer Application and Data Processing,C5,"Software, Operating Systems, Packages & Utilities",PLAIN,SEL,B,N,,"Consider: 1. Shared region, 2. Cache memory, 3. Message passing, 4. Shared memory. Which are related to interprocess communication? (a) 1 and 2 only (b) 1, 2 and 3 (c) 2 and 4 only (d) 3 and 4 only"
2022,79,Computer Application and Data Processing,C5,"Software, Operating Systems, Packages & Utilities",MSA,SEL,A,N,,"Which of the following are goals of an operating system? 1. Efficient use of CPU, 2. Efficient use of memory, 3. Efficient use of I/O devices (a) 1 and 2 only (b) 2 and 3 only (c) 1 and 3 only (d) 1, 2 and 3"
2022,80,Computer Application and Data Processing,C10,"Data, Information, Database & DBMS; Frontend/Backend",PLAIN,SEL,A,N,,"Which properties of the transaction mechanism in a database system are correct? 1. Atomicity, 2. Durability, 3. Isolation, 4. Security (a) 1, 2 and 3 (b) 1, 2 and 4 (c) 1, 3 and 4 (d) 2, 3 and 4"
2023,1,Probability,P2,"Conditional Probability, Law of Total Probability, Bayes' Theorem",PLAIN,NUM,B,N,,"The members of a firm rent cars from three rental agencies: 60% from Agency-1, 30% from Agency-2 and 10% from Agency-3. If 9% of cars from Agency-1 need an oil change, 20% of cars from Agency-2 need an oil change and 6% of cars from Agency-3 need an oil change, then what is the probability that a rental car delivered to the firm will need an oil change? (a) 0.006 (b) 0.054 (c) 0.06 (d) 0.12"
2023,2,Probability,P8,Mathematical Expectation & Conditional Expectation,PLAIN,NUM,C,N,,"If $X \sim N(0,1)$ and $Y \mid X=x \sim U(x-1,\,x+1)$, then what is the value of $E\left(E^2(Y \mid X)\right)$? (a) 1 (b) 2 (c) 3 (d) 4"
2023,3,Probability,P5,Standard Continuous Distributions,MSA,SEL,C,N,,"If $X \sim \exp(\theta)$, then consider the following statements: 1. Variance > Mean if $0 < \theta < 1$ 2. Minimum order statistic is chi-square distribution 3. Lack of memory property exists only if $\theta > 1$ Which of the statements given above is/are correct? (a) 1 only (b) 3 only (c) 1 and 2 (d) 1 and 3"
2023,4,Probability,P4,Standard Discrete Distributions,PLAIN,NUM,B,N,,"A random variable $X$ has probability mass function given by $$P(X=x) = \frac{1}{5^{10}}\binom{10}{x}2^x 3^{10-x}, \quad x=0,1,2,\ldots,10$$ The mean and variance of $X$ are respectively: (a) 2, 4 (b) 2.4, 4 (c) 4, 2.4 (d) 4, 2"
2023,5,Probability,P7,Distributions of Functions of Random Variables,PLAIN,EXPR,C,N,,"If $X \sim \text{log-normal}(\mu,\sigma^2)$ and $Y=\sigma X^{\mu}$; $\sigma>0$, $-\infty<\mu<\infty$, then what is the value of $$\mathrm{Var}\left(\left(\log\frac{Y}{\sigma}-\mu^2\right)^2\right)?$$ (a) $105\mu^4\sigma^4$ (b) $15\mu^4\sigma^4$ (c) $3\mu^4\sigma^4$ (d) $2\mu^4\sigma^4$"
2023,6,Probability,P3,Random Variables & Distribution Functions,MSA,NAME,A,N,,"The pdf of a random variable $X$ is given by $$f(x) = \begin{cases}0.2, & 0 \le x \le 5\\ 0, & \text{otherwise}\end{cases}$$ Consider the following probabilities: 1. $P(2 \le X \le 3) = 0.2$ 2. $P(X>3.5)=0.3$ 3. $P(|x|\ge 2)=0.6$ 4. $P(X<4)=0.8$ How many of the probabilities given above are correct? (a) Only one (b) Only two (c) Only three (d) All four"
2023,7,Probability,P5,Standard Continuous Distributions,PLAIN,EXPR,A,N,,"If $\varphi(\cdot)$ is pdf of $N(0,1)$ distribution and $A$ represents a circle of unit area with centre at origin, then what is the value of $\displaystyle\iint_A \varphi(x)\varphi(y)\,dx\,dy$? (a) $\dfrac{1}{2}+e^{-\pi}$ (b) $1-e^{-\frac{1}{2\pi}}$ (c) $1-e^{-2\pi}$ (d) $1-e^{-\frac{1}{\sqrt{\pi}}}$"
2023,8,Probability,P6,"Random Vectors: Joint, Marginal & Conditional Distributions",PLAIN,NUM,A,Y,"*Questions 8–10 are based on the following: let the joint pdf of two random variables $X$ and $Y$ be* $$f(x,y) = \frac{1}{\sqrt{2\pi y}}\,e^{-\frac{1}{2y}(x-12y)^2}, \quad -\infty<x<\infty,\ 0<y<1$$",What is the value of $E(X)$? (a) 1 (b) 2 (c) 4 (d) 6
2023,9,Probability,P6,"Random Vectors: Joint, Marginal & Conditional Distributions",PLAIN,NUM,A,Y,"*Questions 8–10 are based on the following: let the joint pdf of two random variables $X$ and $Y$ be* $$f(x,y) = \frac{1}{\sqrt{2\pi y}}\,e^{-\frac{1}{2y}(x-12y)^2}, \quad -\infty<x<\infty,\ 0<y<1$$",What is the value of $\mathrm{Var}(X)$? (a) 1 (b) 2 (c) 12 (d) 12.5
2023,10,Probability,P8,Mathematical Expectation & Conditional Expectation,PLAIN,NUM,C,Y,"*Questions 8–10 are based on the following: let the joint pdf of two random variables $X$ and $Y$ be* $$f(x,y) = \frac{1}{\sqrt{2\pi y}}\,e^{-\frac{1}{2y}(x-12y)^2}, \quad -\infty<x<\infty,\ 0<y<1$$","What is the value of $\mathrm{Cov}(X,Y)$? (a) 1 (b) 2 (c) 2.5 (d) 3"
2023,11,Probability,P9,"Characteristic Function, MGF & PGF; Inversion, Uniqueness, Continuity",PLAIN,EXPR,A,N,,"If random variable $X$ follows Binomial distribution with $n=10$ and $p=\dfrac{1}{4}$, then what is the value of third cumulant of $Y=10-X$? (a) $-\dfrac{15}{16}$ (b) $\dfrac{15}{16}$ (c) $\dfrac{5}{8}$ (d) $\dfrac{5}{16}$"
2023,12,Probability,P7,Distributions of Functions of Random Variables,PLAIN,EXPR,C,N,,"If $X, Y$ and $Z$ are iid Exponential(1) variates, then the distribution of $\dfrac{X+Y+Z}{3}$ is: (a) Exponential(1/3) (b) Exponential(3) (c) Gamma($n=3,\lambda=1/3$) (d) Gamma($n=3,\lambda=3$)"
2023,13,Probability,P9,"Characteristic Function, MGF & PGF; Inversion, Uniqueness, Continuity",PLAIN,EXPR,C,N,,"If random variable $X$ assumes non-negative integral values and $P(s)=E(s^X)$, then what is the value of $\displaystyle\sum_{n=0}^{\infty} s^{2n}P(X\le n)$? (a) $\dfrac{P(\sqrt{s})}{1-s^2}$ (b) $\dfrac{P(s)}{1-s^2}$ (c) $\dfrac{P(s^2)}{1-s^2}$ (d) $\dfrac{P(\sqrt{s})}{1-s}$"
2023,14,Probability,P8,Mathematical Expectation & Conditional Expectation,PLAIN,EXPR,A,N,,"If a random variable assumes non-negative integral values and $E(X)=\mu$, $\mathrm{Var}(X)=\sigma^2$, then what is the value of $2\displaystyle\sum_{x=0}^{\infty}xP(X>x)$? (a) $\sigma^2+\mu^2$ (b) $\sigma^2+\mu^2-\mu$ (c) $\dfrac{\sigma^2-\mu}{2}$ (d) $\dfrac{\sigma^2+\mu^2-\mu}{2}$"
2023,15,Probability,P9,"Characteristic Function, MGF & PGF; Inversion, Uniqueness, Continuity",TBL,EXPR,A,Y,*Questions 15–17 are based on the following joint pmf of $X$ and $Y$ ($0<\theta<1$):* | $X\backslash Y$ | −2 | −1 | 0 | 1 | 2 | |---|---|---|---|---|---| | **−1** | $\theta$ | $2\theta$ | $3\theta$ | $\theta$ | $\theta$ | | **0** | $2\theta$ | $3\theta$ | $\theta$ | $0$ | $0$ | | **1** | $\theta$ | $\theta$ | $\theta$ | $\theta$ | $2\theta$ |,What is the moment generating function of $X \mid Y=2$? (a) $\dfrac{e^{-t}+2e^t}{3}$ (b) $\dfrac{1+e^{-t}+e^t}{3}$ (c) $\dfrac{2e^{-t}+e^t}{3}$ (d) $(1-2t)^{-1}$
2023,16,Probability,P6,"Random Vectors: Joint, Marginal & Conditional Distributions",TBL,NUM,A,Y,*Questions 15–17 are based on the following joint pmf of $X$ and $Y$ ($0<\theta<1$):* | $X\backslash Y$ | −2 | −1 | 0 | 1 | 2 | |---|---|---|---|---|---| | **−1** | $\theta$ | $2\theta$ | $3\theta$ | $\theta$ | $\theta$ | | **0** | $2\theta$ | $3\theta$ | $\theta$ | $0$ | $0$ | | **1** | $\theta$ | $\theta$ | $\theta$ | $\theta$ | $2\theta$ |,What is the value of $\mathrm{Var}(X \mid Y=2)$? (a) 1/3 (b) 2/3 (c) 8/9 (d) 2/9
2023,17,Probability,P6,"Random Vectors: Joint, Marginal & Conditional Distributions",TBL,NUM,A,Y,*Questions 15–17 are based on the following joint pmf of $X$ and $Y$ ($0<\theta<1$):* | $X\backslash Y$ | −2 | −1 | 0 | 1 | 2 | |---|---|---|---|---|---| | **−1** | $\theta$ | $2\theta$ | $3\theta$ | $\theta$ | $\theta$ | | **0** | $2\theta$ | $3\theta$ | $\theta$ | $0$ | $0$ | | **1** | $\theta$ | $\theta$ | $\theta$ | $\theta$ | $2\theta$ |,What is the value of $E(XY \mid Y=2)$? (a) 1 (b) 1/3 (c) 2/3 (d) 8/9
2023,18,Probability,P5,Standard Continuous Distributions,PLAIN,EXPR,C,Y,"*Questions 18–20 are based on the following: let the joint pdf of $X$ and $Y$ be* $$f(x,y) = \begin{cases}\dfrac{\lambda x^{12}}{(1+xy)^{20}}, & x>0,\ y>1\\ 0, & \text{otherwise}\end{cases}$$","What is the value of $\lambda$? (where $B(m,n) = \displaystyle\int_0^1 x^{m-1}(1-x)^{n-1}\,dx$) (a) $\dfrac{1}{B(12,7)}$ (b) $\dfrac{19}{B(12,7)}$ (c) $\dfrac{7}{B(12,7)}$ (d) $\dfrac{84}{B(12,7)}$"
2023,19,Probability,P6,"Random Vectors: Joint, Marginal & Conditional Distributions",PLAIN,NAME,A,Y,"*Questions 18–20 are based on the following: let the joint pdf of $X$ and $Y$ be* $$f(x,y) = \begin{cases}\dfrac{\lambda x^{12}}{(1+xy)^{20}}, & x>0,\ y>1\\ 0, & \text{otherwise}\end{cases}$$","What is the marginal distribution of $X$? (a) Beta Type-II distribution with parameters (12, 7) (b) Beta Type-II distribution with parameters (13, 7) (c) Beta Type-I distribution with parameters (12, 7) (d) Beta Type-I distribution with parameters (13, 7)"
2023,20,Probability,P6,"Random Vectors: Joint, Marginal & Conditional Distributions",PLAIN,EXPR,A,Y,"*Questions 18–20 are based on the following: let the joint pdf of $X$ and $Y$ be* $$f(x,y) = \begin{cases}\dfrac{\lambda x^{12}}{(1+xy)^{20}}, & x>0,\ y>1\\ 0, & \text{otherwise}\end{cases}$$",Marginal distribution of $Y$ has pdf: (a) $\dfrac{7}{y^8}$; $y>1$ and 0 otherwise (b) $\dfrac{11}{y^{12}}$; $y>1$ and 0 otherwise (c) $\dfrac{18}{y^{19}}$; $y>1$ and 0 otherwise (d) $\dfrac{12}{y^{13}}$; $y>1$ and 0 otherwise
2023,21,Statistical Methods,S1,"Collection, Compilation & Presentation of Data; Frequency Distributions",MSA,SEL,B,N,,"Which of the following are examples of data condensing? 1. Data array 2. Frequency distribution 3. Histogram 4. Ogives Select the correct answer using the code given below: (a) 1, 2 and 4 only (b) 1 and 3 only (c) 2, 3 and 4 only (d) 1, 2, 3 and 4"
2023,22,Statistical Methods,S2,Measures of Location & Dispersion,PLAIN,NUM,B,N,,"For the variable $X$, following observations are taken: $X=2,5,0,6,3,8,1,3,0,2$. What is $\mathrm{Var}(2X+2)$? (a) 24.8 (b) 26.8 (c) 28.8 (d) 29.6"
2023,23,Statistical Methods,S3,Skewness & Kurtosis (Moments),PLAIN,NUM,A,N,,What is the 3rd central moment of Binomial distribution with parameters $n=10$ and $p=1/2$? (a) 25 (b) 5 (c) 2.5 (d) 0
2023,24,Statistical Methods,S4,Bivariate & Multivariate Data; Association & Contingency,TBL,NUM,A,N,,Consider the contingency table presenting the number of skilled and unskilled labour against their gender. What is the value of $\chi^2$ for testing the association between gender and the nature of work? | | Skilled | Unskilled | |---|---|---| | Male | 30 | 30 | | Female | 20 | 20 | (a) 50 (b) 16.66 (c) 12.07 (d) 0
2023,25,Statistical Methods,S8,"Correlation: Distribution of r, Partial, Multiple, Intraclass, Correlation Ratio",PLAIN,EXPR,C,N,,"If $\mathrm{Var}(X)=4$, $\mathrm{Cov}(X,Y)=32$ and correlation coefficient $r(X,Y)=0.8$ for some bivariate data, then what is $V(Y)$ equal to? (a) 400 (b) 200 (c) $200\sqrt{2}$ (d) $400\sqrt{2}$"
2023,26,Statistical Methods,S6,Bivariate Normal Distribution,PLAIN,NUM,A,Y,"*Questions 26–30 are based on the following: the pdf of bivariate normal distribution is given by* $$f(x,y) = \lambda e^{-(2x^2+3xy+4y^2-7x-11y)}, \quad -\infty<x<\infty,\ -\infty<y<\infty$$ *where $\lambda$ is a constant.*",What is the value of $E(X)+E(Y)+3$? (a) 0 (b) 1 (c) 4 (d) 5
2023,27,Statistical Methods,S6,Bivariate Normal Distribution,PLAIN,NUM,A,Y,"*Questions 26–30 are based on the following: the pdf of bivariate normal distribution is given by* $$f(x,y) = \lambda e^{-(2x^2+3xy+4y^2-7x-11y)}, \quad -\infty<x<\infty,\ -\infty<y<\infty$$ *where $\lambda$ is a constant.*",What is the value of $23(\mathrm{Var}(X)+\mathrm{Var}(Y))$? (a) 4 (b) 8 (c) 12 (d) 17
2023,28,Statistical Methods,S6,Bivariate Normal Distribution,PLAIN,EXPR,A,Y,"*Questions 26–30 are based on the following: the pdf of bivariate normal distribution is given by* $$f(x,y) = \lambda e^{-(2x^2+3xy+4y^2-7x-11y)}, \quad -\infty<x<\infty,\ -\infty<y<\infty$$ *where $\lambda$ is a constant.*","If $r$ is the correlation coefficient between $X$ and $Y$, then what is the value of $\sqrt{2}\,r$? (a) $-\dfrac{3}{4}$ (b) $-\dfrac{1}{4}$ (c) $-\dfrac{1}{\sqrt{2}}$ (d) $-\dfrac{1}{2}$"
2023,29,Statistical Methods,S6,Bivariate Normal Distribution,PLAIN,EXPR,C,Y,"*Questions 26–30 are based on the following: the pdf of bivariate normal distribution is given by* $$f(x,y) = \lambda e^{-(2x^2+3xy+4y^2-7x-11y)}, \quad -\infty<x<\infty,\ -\infty<y<\infty$$ *where $\lambda$ is a constant.*","What is the distribution of $Y \mid X=x$ equal to? (a) $N\left(\dfrac{11-3x}{8},\dfrac{1}{8}\right)$ (b) $N\left(1,\dfrac{1}{8}\right)$ (c) $N\left(\dfrac{1+x}{2},\dfrac{1}{8}\right)$ (d) $N\left(\dfrac{4-3x}{8},\dfrac{7}{8}\right)$"
2023,30,Statistical Methods,S6,Bivariate Normal Distribution,PLAIN,EXPR,A,Y,"*Questions 26–30 are based on the following: the pdf of bivariate normal distribution is given by* $$f(x,y) = \lambda e^{-(2x^2+3xy+4y^2-7x-11y)}, \quad -\infty<x<\infty,\ -\infty<y<\infty$$ *where $\lambda$ is a constant.*","If $E(X)=\mu_1$ and $E(Y)=\mu_2$, then what is the value of $2\pi f(\mu_1,\mu_2)$? (a) $\sqrt{23}$ (b) $\sqrt{6}$ (c) $4\sqrt{2}$ (d) $16\sqrt{2}$"
2023,31,Statistical Methods,S6,Bivariate Normal Distribution,PLAIN,NUM,A,N,,"If $(X,Y)\sim BVN(0,0,1,1;\rho)$, then what is the value of $\dfrac{E\left((Y-\rho X)^4 \mid X\right)}{(1-\rho^2)^2}$? (a) 1 (b) 3 (c) 9 (d) 81"
2023,32,Statistical Methods,S8,"Correlation: Distribution of r, Partial, Multiple, Intraclass, Correlation Ratio",PLAIN,EXPR,A,N,,"For $h$ families containing equal number $k$ of members in each family, the range of intra-class correlation coefficient $\rho$ is: (a) 0 to 1 (b) −1 to 1 (c) $-\dfrac{1}{k-1}$ to 0 (d) $-\dfrac{1}{k-1}$ to 1"
2023,33,Statistical Methods,S9,Standard Errors & Large Sample Tests,PLAIN,NUM,A,N,,"If the correlation coefficient between heights of fathers and sons from a random sample of 900 is calculated as 0.67, what is the standard error? (a) 0.018 (b) 0.04 (c) 0.18 (d) 1.8"
2023,34,Statistical Methods,S9,Standard Errors & Large Sample Tests,PLAIN,NUM,A,N,,"The mean height obtained from a random sample of size 100 is 64 inches. The standard deviation of the height distribution is known to be 3 inches. What is the 95% confidence interval for mean height of the population? (Assume $Z_{0.025}=2$) (a) (63.4, 64.6) (b) (63.1, 64.1) (c) (62.8, 65.8) (d) (62, 66)"
2023,35,Statistical Methods,S9,Standard Errors & Large Sample Tests,PLAIN,NUM,A,N,,"In an art school, 380 children out of 800 were found to be singers. If $E$ is the standard error of proportion of singers, then what is $1280000E^2$ equal to? (a) 39.9 (b) 399 (c) 3990 (d) 4399"
2023,36,Statistical Methods,S10,"Sampling Distributions: Sample Mean, Sample Variance, t, Chi-square, F",PLAIN,NAME,A,N,,"If a sample of size $n$ is taken from $N(\mu,\sigma^2)$ and let $\bar x$ and $s^2$ be sample mean and sample variance respectively, then distribution of $\dfrac{(n-1)s^2}{\sigma^2}$ is: (a) Chi-square with $(n-1)$ degrees of freedom (b) Chi-square with $n$ degrees of freedom (c) Student's-$t$ with $(n-1)$ degrees of freedom (d) Student's-$t$ with $n$ degrees of freedom"
2023,37,Statistical Methods,S5,Curve Fitting & Orthogonal Polynomials,PLAIN,NUM,B,N,,"For a bivariate data, using the principles of least-squares, the following models were constructed: $E_1$: $Y=3X+5$ with $\sum(Y_i-3X_i-5)^2=15.48$ $E_2$: $Y=-X^2+8X+2$ with $\sum(Y_i+X_i^2-8X_i-2)^2=13.36$ What is the estimated value of $Y$ for $X=6$? (a) 4.5 (b) 14 (c) 18.5 (d) 23"
2023,38,Statistical Methods,S10,"Sampling Distributions: Sample Mean, Sample Variance, t, Chi-square, F",PLAIN,EXPR,A,N,,"Let $x_1,x_2,x_3,\ldots,x_n$ be a random sample from a Normal population with mean $\mu_0$ and variance $\sigma^2$. If $\bar X$ is the sample mean, then the distribution of $\dfrac{\bar X-\mu_0}{\sigma/\sqrt{n}}$ is: (a) $N(0,1)$ (b) $t$ with $n$ degrees of freedom (c) $t$ with $(n-1)$ degrees of freedom (d) $\chi^2$ with $(n-1)$ degrees of freedom"
2023,39,Statistical Methods,S6,Bivariate Normal Distribution,PLAIN,NUM,C,Y,"*Questions 39–40 are based on: $(X,Y)\sim BVN(0,0,1,1;\rho)$*","What is the value of $\mathrm{Cov}(Y-\rho X, X)$? (a) 0 (b) 0.5 (c) 0.75 (d) 1"
2023,40,Statistical Methods,S6,Bivariate Normal Distribution,PLAIN,NUM,C,Y,"*Questions 39–40 are based on: $(X,Y)\sim BVN(0,0,1,1;\rho)$*",What is the moment generating function of $X^2+Y^2-2\rho XY$? (a) $(1-2t)^{-1}$ (b) $(1-2\rho t)^{-1}$ (c) $(1-2t+2\rho^2 t)^{-1}$ (d) $(1-2t+2\rho t)^{-1}$
2023,41,Numerical Analysis,N3,Divided Differences; Newton's & Lagrange's Formulae (Unequal Intervals),PLAIN,NUM,A,N,,What is the minimum number of arguments required to find the third divided difference of the function $f(x)=x^3-2x+1$? (a) 2 (b) 3 (c) 4 (d) 5
2023,42,Numerical Analysis,N1,"Finite Differences: Operators, Factorial Polynomials, Separation of Symbols",PLAIN,EXPR,A,N,,"What is $\Delta^2_{y,z}\, x^3$ equal to? (a) $\dfrac{1}{x}+\dfrac{1}{y}+\dfrac{1}{z}$ (b) $x+y+z$ (c) $x^2+y^2+z^2$ (d) $\dfrac{1}{x^2}+\dfrac{1}{y^2}+\dfrac{1}{z^2}$"
2023,43,Numerical Analysis,N1,"Finite Differences: Operators, Factorial Polynomials, Separation of Symbols",PLAIN,NUM,B,N,,Let $U(x)$ be a polynomial of degree 3. Given that $U(0)+U(4)=72$ and $U(1)+U(3)=42$. What is the value of $U(2)$ assuming that differencing interval $h=1$? (a) 1 (b) 2 (c) 4 (d) 16
2023,44,Numerical Analysis,N1,"Finite Differences: Operators, Factorial Polynomials, Separation of Symbols",PLAIN,NUM,A,N,,"If differencing interval is of length $h$, then what is $(x^2+hx+1)\tan(\Delta\tan^{-1}x)$ equal to? (a) 1 (b) $h$ (c) $h+1$ (d) $h^2+1$"
2023,45,Numerical Analysis,N1,"Finite Differences: Operators, Factorial Polynomials, Separation of Symbols",PLAIN,NUM,B,N,,"If $x^{(r)} = x(x-1)(x-2)\cdots(x-(r-1))$, then what is the coefficient of $x^4$ in $2x^{(5)}-5x^{(4)}+3x^{(3)}+2x^{(2)}+1$? (a) 2 (b) $-1$ (c) $-10$ (d) $-25$"
2023,46,Numerical Analysis,N2,Interpolation - Newton-Gregory Forward & Backward (Equal Intervals),PLAIN,NAME,A,N,,"In case of equi-spaced tabular data, the error for linear interpolation is bounded by one eighth of the: (a) first difference (b) second difference (c) third difference (d) fourth difference"
2023,47,Numerical Analysis,N6,"Numerical Integration - Trapezoidal, Simpson's 1/3 & 3/8, Weddle's Rule",PLAIN,NUM,A,N,,"The integral $\displaystyle\int_0^1 x^3\,dx$ is evaluated by the Trapezoidal rule with step length $h$. Then the error is: (a) $h^2/12$ (b) $h^2/6$ (c) $h^2/4$ (d) $h^2/3$"
2023,48,Numerical Analysis,N6,"Numerical Integration - Trapezoidal, Simpson's 1/3 & 3/8, Weddle's Rule",PLAIN,NUM,B,N,,"What is the value of $b$ if $\displaystyle\int_0^h f(x)\,dx = ahf(0)+bhf\left(\dfrac{h}{3}\right)+chf(h)$ exists for a polynomial of degree as high as possible? (a) 1 (b) 3/4 (c) 1/2 (d) 0"
2023,49,Numerical Analysis,N1,"Finite Differences: Operators, Factorial Polynomials, Separation of Symbols",PLAIN,NUM,A,N,,"What is the value of the expression $\Delta^6\big((1-x)(1-3x^2)(1-4x^3)\big)$, when interval of differencing is 1? (a) 8640 (b) 2160 (c) $-2160$ (d) $-8640$"
2023,50,Numerical Analysis,N1,"Finite Differences: Operators, Factorial Polynomials, Separation of Symbols",PLAIN,NUM,A,N,,"If $\delta=\sqrt{E}-\dfrac{1}{\sqrt{E}}$ and $\mu=\dfrac{1}{2}\left(\sqrt{E}+\dfrac{1}{\sqrt{E}}\right)$, then what is $2\sqrt{1+\delta^2\mu^2}\,y_x$ equal to? (a) $y_{x+2}-2y_{x+1}+y_x$ (b) $y_{x+1}-y_{x-1}$ (c) $y_{x+1}+y_{x-1}$ (d) $y_{x+2}-y_x$"
2023,51,Numerical Analysis,N2,Interpolation - Newton-Gregory Forward & Backward (Equal Intervals),PLAIN,NUM,A,Y,"*Questions 51–52 are based on: $u_3=4.8,\ u_4=8.4,\ u_5=14.5,\ u_6=23.6,\ u_7=36.2,\ u_8=52.8,\ u_9=73.9$*",What is the value of $u_2$ according to Newton-Gregory forward difference interpolation formula? (a) 3.1 (b) 3.2 (c) 3.3 (d) 3.4
2023,52,Numerical Analysis,N2,Interpolation - Newton-Gregory Forward & Backward (Equal Intervals),PLAIN,NUM,A,Y,"*Questions 51–52 are based on: $u_3=4.8,\ u_4=8.4,\ u_5=14.5,\ u_6=23.6,\ u_7=36.2,\ u_8=52.8,\ u_9=73.9$*",What is the approximate value of $u_{8.5}$ according to Newton-Gregory backward difference interpolation formula? (a) 62.75 (b) 64.75 (c) 66.75 (d) 68.75
2023,53,Numerical Analysis,N6,"Numerical Integration - Trapezoidal, Simpson's 1/3 & 3/8, Weddle's Rule",PLAIN,NAME,A,N,,"Suppose $t_0=0<t_1<t_2<\cdots<t_n=1$. If $f$ is a continuous function and $f(t_i)$ are given for $0\le i\le n$, which quadrature formula is applicable to compute $\displaystyle\int_0^1 f(x)\,dx$? (a) Trapezoidal rule (b) Simpson's one-third rule (c) Simpson's three-eighth rule (d) No quadrature formula"
2023,54,Numerical Analysis,N6,"Numerical Integration - Trapezoidal, Simpson's 1/3 & 3/8, Weddle's Rule",PLAIN,SEL,A,N,,"Let $f:[0,1]\to\mathbb{R}$ be a continuous function. If $f\left(\dfrac{t}{10}\right)$ are given for $t=0,1,2,3,4,5$ and $f\left(\dfrac{t}{20}\right)$ are given for $t=11,12,13,\ldots,20$, which quadrature formula will one use to utilize the given data for the computation of $\displaystyle\int_0^1 f(x)\,dx$? (a) Trapezoidal rule only (b) Simpson's one-third rule only (c) Simpson's three-eighth rule (d) Trapezoidal rule or combination of Trapezoidal rule and Simpson's one-third rule"
2023,55,Numerical Analysis,N1,"Finite Differences: Operators, Factorial Polynomials, Separation of Symbols",MSA,SEL,A,N,,Consider the following for equi-spaced arguments with $h$ as the interval of differencing: 1. $x^{(-r)} = \dfrac{2}{(x+rh)^{(r)}}$ 2. $\Delta^m x^{(-r)} = r(r+1)(r+2)\cdots(r+m)h^m x^{(-r-m)}$ for $m\le r$ Which of the statements given above is/are correct? (a) 1 only (b) 2 only (c) Both 1 and 2 (d) Neither 1 nor 2
2023,56,Numerical Analysis,N1,"Finite Differences: Operators, Factorial Polynomials, Separation of Symbols",MSA,SEL,A,N,,Consider the following: 1. $\Delta(u_xv_x) = u_x\Delta v_x + v_{x+1}\Delta u_x$ 2. $\Delta(u_xv_x) = v_x\Delta u_x + u_{x+1}\Delta v_x$ Which of the above equalities is/are valid? (a) 1 only (b) 2 only (c) Both 1 and 2 (d) Neither 1 nor 2
2023,57,Numerical Analysis,N8,"Numerical Solution of Differential Equations - Euler, Milne, Picard, Runge-Kutta",PLAIN,EXPR,A,N,,"Euler's method is applied to the initial value problem $\dfrac{dy}{dx}=\lambda y;\ y(0)=1,\ \lambda<0$. Then the method is stable (absolutely) for step size $h$ that satisfies: (a) $-2<\lambda h<2$ (b) $0<\lambda h<2$ (c) $-1<\lambda h<1$ (d) $-2<\lambda h<0$"
2023,58,Numerical Analysis,N8,"Numerical Solution of Differential Equations - Euler, Milne, Picard, Runge-Kutta",PLAIN,EXPR,A,N,,The classical Runge-Kutta fourth order method is applied to $\dfrac{dy}{dx}=-y;\ y(0)=1$. The result obtained after applying one step of length $h$ is: (a) $1-h+\dfrac{h^2}{2}$ (b) $1+h+\dfrac{h^2}{2}+\dfrac{h^3}{6}+\dfrac{h^4}{24}$ (c) $1-h+\dfrac{h^2}{2}-\dfrac{h^3}{6}+\dfrac{h^4}{24}$ (d) $1-h-\dfrac{h^2}{2}-\dfrac{h^3}{6}-\dfrac{h^4}{24}$
2023,59,Numerical Analysis,N1,"Finite Differences: Operators, Factorial Polynomials, Separation of Symbols",PLAIN,NUM,B,Y,"*Questions 59–60 are based on the series 12, 40, 90, 168, 280, 432, …; let $f(x)$ be the polynomial of least degree related to this series.*",What is the degree of $f(x)$? (a) 2 (b) 3 (c) 4 (d) 5
2023,60,Numerical Analysis,N1,"Finite Differences: Operators, Factorial Polynomials, Separation of Symbols",PLAIN,NUM,B,Y,"*Questions 59–60 are based on the series 12, 40, 90, 168, 280, 432, …; let $f(x)$ be the polynomial of least degree related to this series.*",What is the constant term in $f(x)$? (a) 0 (b) 1 (c) 8 (d) 12
2023,61,Computer Application and Data Processing,C1,"Computer Organisation: CPU, ALU, Control & Memory Units, I/O Units",MSA,SEL,A,N,,"Consider the following in respect of two kinds of microprocessors CISC (Complex Instruction Set Computer) and RISC (Reduced Instruction Set Computer): 1. The instructions of CISC are of variable length. 2. RISC supports parallel processing. 3. ARM is based on RISC. Which of the statements given above are correct? (a) 1 and 2 only (b) 2 and 3 only (c) 1 and 3 only (d) 1, 2 and 3"
2023,62,Computer Application and Data Processing,C10,"Data, Information, Database & DBMS; Frontend/Backend",MSA,SEL,B,N,,"Which of the following are audio file formats? 1. MPEG 2. WAV 3. TIFF 4. WMA Select the correct answer using the code given below: (a) 1, 2 and 3 (b) 1, 2 and 4 (c) 1, 3 and 4 (d) 2, 3 and 4"
2023,63,Computer Application and Data Processing,C3,"Memory: RAM, ROM, Cache; Units of Memory & Storage Capacity",PLAIN,NAME,B,N,,The technique of dividing the physical memory space into multiple blocks is known as: (a) Paging (b) Segmentation (c) Fragmentation (d) Swapping
2023,64,Computer Application and Data Processing,C7,"Networks: LAN, WAN, Internet, Intranet",MSA,SEL,A,N,,"In TCP/IP reference model, consider the following protocols belonging to various layers: 1. SMTP 2. FTP 3. DHCP 4. IP 5. TCP Which of the above are the Application Layer Protocols? (a) 1, 2 and 3 (b) 1, 3 and 4 (c) 1, 3 and 5 (d) 3, 4 and 5"
2023,65,Computer Application and Data Processing,C3,"Memory: RAM, ROM, Cache; Units of Memory & Storage Capacity",MSA,SEL,A,N,,"Consider the following statements regarding cache memory in the computer system: 1. The size of cache memory is always kept higher than the size of RAM. 2. Cache memory is faster to access than RAM but slower to access than CPU registers. 3. The effectiveness of cache memory is measured by hit rate. Which of the statements given above are correct? (a) 1 and 3 only (b) 2 and 3 only (c) 1 and 2 only (d) 1, 2 and 3"
2023,66,Computer Application and Data Processing,C5,"Software, Operating Systems, Packages & Utilities",PLAIN,NAME,A,N,,Which one of the following Operating Systems responds to an event within a predetermined time? (a) Time Sharing Operating System (b) Embedded Operating System (c) Real-time Operating System (d) Batch Operating System
2023,67,Computer Application and Data Processing,C4,Number Systems & Binary Arithmetic,MSA,SEL,A,N,,"Consider the following statements: 1. In number system if $(110)_X = (1100)_2$, then the value of $X$ is 3. 2. The gray coded equivalent of the binary number $(01010010)_2$ is $(01111011)$. Which of the statements given above is/are correct? (a) 1 only (b) 2 only (c) Both 1 and 2 (d) Neither 1 nor 2"
2023,68,Computer Application and Data Processing,C9,"Programming Basics: Algorithm, Flowchart, Control Structures, Arrays, Functions",PLAIN,NAME,B,N,,Division of a computer program in terms of functions and modules is one of the vital features of: (a) Assembly language (b) Machine language (c) Structural language (d) Low level language
2023,69,Computer Application and Data Processing,C5,"Software, Operating Systems, Packages & Utilities",PLAIN,NAME,A,N,,Which of the following Operating Systems is an open source? (a) Windows 10 (b) iOS 16 (c) Linux (d) MS-DOS
2023,70,Computer Application and Data Processing,C7,"Networks: LAN, WAN, Internet, Intranet",MSA,SEL,A,N,,"Consider the following statements: 1. TCP/IP is the communication protocol used in Internet. 2. A Network Interface Card (NIC) is used to connect a computer to Internet. 3. IP address is also known as hardware address that is assigned uniquely to every computer connected to the Internet. Which of the statements given above are correct? (a) 1 and 2 only (b) 2 and 3 only (c) 1 and 3 only (d) 1, 2 and 3"
2023,71,Computer Application and Data Processing,C10,"Data, Information, Database & DBMS; Frontend/Backend",MSA,SEL,A,N,,"Consider the following statements in respect of SQL: 1. SQL can execute queries against a database. 2. SQL can update records in a database. 3. SQL query automatically eliminates duplicates. Which of the statements given above are correct? (a) 1 and 2 only (b) 2 and 3 only (c) 1 and 3 only (d) 1, 2 and 3"
2023,72,Computer Application and Data Processing,C8,"Computer Security: Virus, Antivirus, Firewall, Spyware, Malware",MSA,SEL,A,N,,"Which of the following statements is/are correct? 1. Encryption process converts cipher text into plain text. 2. Digital signature employs two keys – private key and public key. 3. Secret Key Cryptography uses a single key for both, encryption and decryption. Select the correct answer using the code given below: (a) 2 only (b) 2 and 3 only (c) 3 only (d) 1, 2 and 3"
2023,73,Computer Application and Data Processing,C7,"Networks: LAN, WAN, Internet, Intranet",PLAIN,NAME,A,N,,A device that converts digital signal into analog signal and vice-versa is known as: (a) Network switch (b) Modem (c) Network hub (d) Network router
2023,74,Computer Application and Data Processing,C5,"Software, Operating Systems, Packages & Utilities",PLAIN,NAME,A,N,,Which one of the following is the core component of UNIX? (a) Shell (b) Kernel (c) Process (d) Directories
2023,75,Computer Application and Data Processing,C2,"Hardware: Input, Output & Peripheral Devices",PLAIN,SEL,A,N,,Which of the following devices are used for recognizing the characters in the supermarkets? (a) OCR device only (b) OMR device only (c) MICR device (d) Both OCR and OMR devices
2023,76,Computer Application and Data Processing,C1,"Computer Organisation: CPU, ALU, Control & Memory Units, I/O Units",MSA,SEL,B,N,,"RISC processors are always preferred to CISC processors because of: 1. Compact size 2. Small instruction set 3. Executing multiple clock cycles Which of the above are correct? (a) 1 and 2 only (b) 2 and 3 only (c) 1 and 3 only (d) 1, 2 and 3"
2023,77,Computer Application and Data Processing,C9,"Programming Basics: Algorithm, Flowchart, Control Structures, Arrays, Functions",MSA,SEL,A,N,,"Which of the following algorithms are stable? 1. Bubble sort 2. Quick sort 3. Merge sort 4. Insertion sort Select the correct answer using the code given below: (a) 1, 2 and 3 (b) 1, 2 and 4 (c) 1, 3 and 4 (d) 2, 3 and 4"
2023,78,Computer Application and Data Processing,C9,"Programming Basics: Algorithm, Flowchart, Control Structures, Arrays, Functions",MSA,SEL,B,N,,"Consider the following statements: 1. Steps for developing software program remain same irrespective of the Operating System. 2. If the program is using exp() function, then the object code of this function should be brought from the 'math' library of the system and linked to the main program. Which of the statements given above is/are correct? (a) 1 only (b) 2 only (c) Both 1 and 2 (d) Neither 1 nor 2"
2023,79,Computer Application and Data Processing,C4,Number Systems & Binary Arithmetic,PLAIN,NUM,A,N,,What is the equivalent hexadecimal number of the octal number 6251? (a) 9CA (b) AC9 (c) DB9 (d) CA9
2023,80,Computer Application and Data Processing,C8,"Computer Security: Virus, Antivirus, Firewall, Spyware, Malware",MSA,SEL,A,N,,"Which of the following are Firewall Related Terminology? 1. Gateway 2. Proxy server 3. Screening routers Select the correct answer using the code given below: (a) 1 and 2 only (b) 2 and 3 only (c) 1 and 3 only (d) 1, 2 and 3"
2024,1,Statistical Methods,S13,"Order Statistics - Minimum, Maximum, Range, Median",PLAIN,NUM,A,N,,"If $X_{(1)}, X_{(2)}, X_{(3)}, X_{(4)}, X_{(5)}$ are order statistics from a population with pdf $f(x)=2e^{-2x},\ x>0$, then what is the density function of $X_{(1)}$? (a) $10e^{-10X_{(1)}}$ (b) $1-e^{-2X_{(1)}}$ (c) $1-e^{-10X_{(1)}}$ (d) $10e^{-2X_{(1)}}$"
2024,2,Statistical Methods,S10,"Sampling Distributions: Sample Mean, Sample Variance, t, Chi-square, F",PLAIN,EXPR,C,Y,"*Questions 2–3 are based on: let $X_1,X_2,X_3,\ldots,X_n$ be a random sample from $N(\mu,\sigma^2)$ distribution and* $$S^2 = \frac{1}{n-1}\sum_{i=1}^n(X_i-\bar X)^2, \quad \bar X=\frac{1}{n}\sum_{i=1}^n X_i$$",What is the moment-generating function of $S^2$? (a) $\left(1-\dfrac{2(n-1)t}{\sigma^2}\right)^{-\frac{n-1}{2}}$ (b) $\left(1-\dfrac{(n-1)t}{\sigma^2}\right)^{-\frac{n-1}{2}}$ (c) $\left(1-\dfrac{2\sigma^2t}{n-1}\right)^{-\frac{n-1}{2}}$ (d) $\left(1-\dfrac{\sigma^2t}{n-1}\right)^{-\frac{n-1}{2}}$
2024,3,Statistical Methods,S10,"Sampling Distributions: Sample Mean, Sample Variance, t, Chi-square, F",PLAIN,EXPR,C,Y,"*Questions 2–3 are based on: let $X_1,X_2,X_3,\ldots,X_n$ be a random sample from $N(\mu,\sigma^2)$ distribution and* $$S^2 = \frac{1}{n-1}\sum_{i=1}^n(X_i-\bar X)^2, \quad \bar X=\frac{1}{n}\sum_{i=1}^n X_i$$","If $$r = \frac{1}{2}\frac{\Gamma\left(\frac{n-3}{2}\right)}{\Gamma\left(\frac{n-1}{2}\right)}, \quad n>3$$ then what is the value of $E\left(\dfrac{1}{S^2}\right)$? (a) $\dfrac{(n-1)r}{\sigma^2}$ (b) $\dfrac{nr}{\sigma^2}$ (c) $\dfrac{2nr}{\sigma^2}$ (d) $\dfrac{nr}{2\sigma^2}$"
2024,4,Probability,P8,Mathematical Expectation & Conditional Expectation,PLAIN,NUM,C,Y,"*Questions 4–6 are based on: let $X_1,X_2,X_3,\ldots,X_n$ be iid $U(0,1)$ variates and $T=-\ln(X_1X_2X_3\cdots X_n)$.*",What is $E(T)$ equal to? (a) $n$ (b) $2n$ (c) $4n$ (d) $n/2$
2024,5,Probability,P8,Mathematical Expectation & Conditional Expectation,PLAIN,NUM,C,Y,"*Questions 4–6 are based on: let $X_1,X_2,X_3,\ldots,X_n$ be iid $U(0,1)$ variates and $T=-\ln(X_1X_2X_3\cdots X_n)$.*",What is $\mathrm{Var}(T)$ equal to? (a) $4n$ (b) $3n$ (c) $2n$ (d) $n$
2024,6,Probability,P9,"Characteristic Function, MGF & PGF; Inversion, Uniqueness, Continuity",PLAIN,NUM,C,Y,"*Questions 4–6 are based on: let $X_1,X_2,X_3,\ldots,X_n$ be iid $U(0,1)$ variates and $T=-\ln(X_1X_2X_3\cdots X_n)$.*",What is the moment-generating function of $T$? (a) $(1-2t)^{-2n}$ (b) $(1-t)^{-2n}$ (c) $(1-t)^{-n}$ (d) $(1-2t)^{-n/2}$
2024,7,Statistical Methods,S10,"Sampling Distributions: Sample Mean, Sample Variance, t, Chi-square, F",PLAIN,NUM,C,Y,"*Questions 7–10 are based on: let $X_1,X_2,X_3,\ldots,X_7$ be iid random variables, each having the $N(0,1)$ distribution.*","What is the distribution of the following? $$\frac{\sqrt{2}(X_5-X_6+X_7)}{\sqrt{(X_1+X_2+X_3)^2+3X_4^2}}$$ (a) $N(0,1)$ (b) $t_{(2)}$ (c) $t_{(3)}$ (d) $t_{(7)}$"
2024,8,Probability,P8,Mathematical Expectation & Conditional Expectation,PLAIN,NUM,C,Y,"*Questions 7–10 are based on: let $X_1,X_2,X_3,\ldots,X_7$ be iid random variables, each having the $N(0,1)$ distribution.*",What is $E\left(\dfrac{1}{X_1^2+X_2^2+X_3^2+X_4^2}\right)$ equal to? (a) 0 (b) 1 (c) 1/2 (d) 1/9
2024,9,Probability,P8,Mathematical Expectation & Conditional Expectation,PLAIN,NUM,C,Y,"*Questions 7–10 are based on: let $X_1,X_2,X_3,\ldots,X_7$ be iid random variables, each having the $N(0,1)$ distribution.*",What is $E\left(\dfrac{X_1+X_2+X_3}{X_4^2+X_5^2+X_6^2+X_7^2}\right)$ equal to? (a) 0 (b) 1 (c) 2 (d) 1/2
2024,10,Probability,P5,Standard Continuous Distributions,PLAIN,NUM,C,Y,"*Questions 7–10 are based on: let $X_1,X_2,X_3,\ldots,X_7$ be iid random variables, each having the $N(0,1)$ distribution.*","If $\lambda\left(\dfrac{X_3+X_4+X_5+X_6+X_7}{X_1+X_2}\right) \sim \text{Cauchy}(0,1)$ distribution, then what is the value of $5\lambda^2$? (a) 1 (b) 2 (c) 4 (d) 5"
2024,11,Statistical Methods,S5,Curve Fitting & Orthogonal Polynomials,MSA,NAME,B,N,,Consider the following pairs: I. $x_1^2+2x_1x_2+x_2^2;\ y_1^2+2y_1y_2+y_2^2$ II. $x_1^2-2x_1x_2-x_2^2;\ 2y_1^2+y_1y_2-y_2^2$ III. $x_1^2+2x_1x_2-2x_2^2;\ 2y_1^2+y_1y_2+2y_2^2$ IV. $x_1^2+x_1x_2-x_2^2;\ y_1^2+y_1y_2-y_2^2$ How many of the above are non-orthogonal pairs? (a) Only one pair (b) Only two pairs (c) Only three pairs (d) All four pairs
2024,12,Statistical Methods,S6,Bivariate Normal Distribution,PLAIN,EXPR,C,N,,"Suppose $X$ and $Y$ are zero-mean jointly normally distributed random variables such that $\sigma_X^2=4$, $\sigma_Y^2=\dfrac{17}{9}$, $E(XY)=2$. If $Z=2X-3Y$, then what is the pdf of $Z$? (a) $\dfrac{1}{\sqrt{12\pi}}e^{-\frac{z^2}{12}}$ (b) $\dfrac{1}{\sqrt{18\pi}}e^{-\frac{z^2}{18}}$ (c) $\dfrac{1}{\sqrt{6\pi}}e^{-\frac{z^2}{9}}$ (d) $\dfrac{1}{\sqrt{8\pi}}e^{-\frac{z^2}{8}}$"
2024,13,Probability,P13,Laws of Large Numbers & Central Limit Theorems,PLAIN,NUM,B,N,,"If $X$ is a normally distributed random variable with $\mu=1$ and $\sigma^2=2$, then the asymptotic distribution of sample median for $n=20$ is: (a) $N(1, 1/10)$ (b) $N(1, \pi/20)$ (c) $N(1, \pi/10)$ (d) $N(1, \pi/2)$"
2024,14,Statistical Methods,S10,"Sampling Distributions: Sample Mean, Sample Variance, t, Chi-square, F",MSA,SEL,A,N,,"Suppose $X$ and $Y$ are independent random variables having chi-square distributions with $m$ and $n$ degrees of freedom. Which of the following statements is/are correct? I. $\dfrac{nX}{mY}$ follows $F_{m,n}$. II. $\dfrac{mY}{nX}$ follows $F_{n,m}$. Select the answer using the code given below: (a) I only (b) II only (c) Both I and II (d) Neither I nor II"
2024,15,Statistical Methods,S7,Regression - Linear & Polynomial,MSA,SEL,A,N,,"It is known that $8X-10Y+66=0$ and $40X-18Y=214$ are two regression equations. Consider the following statements: I. The regression coefficient of $X$ on $Y$ is 0.8. II. The correlation coefficient is 0.6. III. The most probable value of $Y$, when $X=30$, is 30.6. Which of the statements given above are correct? (a) I and II only (b) II and III only (c) I and III only (d) I, II and III"
2024,16,Probability,P9,"Characteristic Function, MGF & PGF; Inversion, Uniqueness, Continuity",PLAIN,NUM,C,N,,"The moment-generating function of $X$, when $X$ follows $\chi^2(10)$, is: (a) $(1-t)^{-5}$ (b) $(1-t)^{-10}$ (c) $(1-2t)^{-5}$ (d) $(1-2t)^{-10}$"
2024,17,Statistical Methods,S13,"Order Statistics - Minimum, Maximum, Range, Median",PLAIN,NUM,C,N,,"The pdf $g_n(x)$ of $X_{(n)}$ in a random sample of size $n$ from the exponential distribution with pdf $f(x)=e^{-x}$, $x\ge 0$, is: (a) $(1-e^{-x})^{n-1}$ (b) $n(1-e^{-x})^{n-1}e^{-x}$ (c) $(1-e^{-x})^n$ (d) $n(1-e^{-x})^{n-1}$"
2024,18,Probability,P8,Mathematical Expectation & Conditional Expectation,PLAIN,NUM,C,N,,"If $4\sigma_x^2=9\sigma_y^2=25$, where $x$ and $y$ are independently distributed, then what is the value of $\mathrm{Var}\left(\dfrac{2x+3y}{\sqrt{2}}\right)$? (a) 25 (b) 50 (c) 62.5 (d) 75"
2024,19,Probability,P8,Mathematical Expectation & Conditional Expectation,PLAIN,NUM,C,N,,"If $\mathrm{Cov}(2x,y)=4$, $\mathrm{Var}(x/4)=1$ and $\mathrm{Var}(y/9)=7$, then what is the value of $(18r(x,y))^2$ equal to? (a) 7 (b) 1/7 (c) 4 (d) 1/4"
2024,20,Statistical Methods,S13,"Order Statistics - Minimum, Maximum, Range, Median",PLAIN,NUM,C,N,,"If $X_{(1)}, X_{(2)}, X_{(3)}, X_{(4)}, X_{(5)}$ are order statistics from $U[0,2]$, then what is the value of the pdf $f_{X_{(1)}}(1)$? (a) 1/16 (b) 5/16 (c) 1/32 (d) 5/32"
2024,21,Probability,P1,"Classical & Axiomatic Probability, Consequences",PLAIN,NUM,A,N,,"A point $(x,y)$ is to be selected from the square $S$ containing all points $(x,y)$ such that $0\le x\le 1$ and $0\le y\le 1$. What is the probability that the selected point belongs to subset of points such that $0.5<(x+y)<1.5$? (a) 0.15 (b) 0.25 (c) 0.45 (d) 0.75"
2024,22,Probability,P7,Distributions of Functions of Random Variables,PLAIN,NAME,C,N,,"Let $(X_1,X_2,X_3,\ldots,X_n)$ be a random sample from $U(0,1)$ distribution. $-\ln X$ follows: (a) gamma distribution (b) negative exponential distribution (c) half-normal distribution (d) None of the above"
2024,23,Probability,P9,"Characteristic Function, MGF & PGF; Inversion, Uniqueness, Continuity",PLAIN,EXPR,A,N,,"If $X, Y$ and $Z$ are iid $N(0,1)$ variates, then the characteristic function of $\dfrac{X+YZ}{\sqrt{1+Z^2}}$ is: (a) $e^{-\frac{t^2}{2}}$ (b) $e^{-2t^2}$ (c) $\dfrac{1}{1+t^2}$ (d) $\dfrac{1}{\sqrt{1+t^2}}$"
2024,24,Probability,P9,"Characteristic Function, MGF & PGF; Inversion, Uniqueness, Continuity",PLAIN,EXPR,A,N,,"Two random variables $X$ and $Y$ are such that $P(X=\pm 1)=0.5$ and $Y\sim N(0,1)$. What is the characteristic function of $2XY$? (a) $e^{-\frac{t^2}{2}}$ (b) $e^{-2t^2}$ (c) $\dfrac{1}{4+t^2}$ (d) $\dfrac{1}{\sqrt{4+t^2}}$"
2024,25,Probability,P9,"Characteristic Function, MGF & PGF; Inversion, Uniqueness, Continuity",PLAIN,EXPR,A,N,,"If $X_1$ and $X_2$ are iid $N(0,1)$ variates, then the characteristic function of $X_1X_2$ is: (a) $e^{-t^2}$ (b) $\dfrac{1}{1+t^2}$ (c) $\dfrac{1}{\sqrt{1+t^2}}$ (d) $e^{-2|t|}$"
2024,26,Probability,P8,Mathematical Expectation & Conditional Expectation,PLAIN,NUM,A,N,,"Let $U(t)$ and $V(t)$ be the moment-generating functions of two random variables $X$ and $Y$ respectively, and $V(t)=U(\log U(t))$. If $E(X)=2$, then what is the value of $E(Y)$? (a) 1 (b) 2 (c) 4 (d) $\ln 2$"
2024,27,Probability,P4,Standard Discrete Distributions,PLAIN,NUM,B,Y,*Questions 27–28 are based on: gambles are independent and each one results in the player being equally likely to win or lose 1 unit. Let $W$ denote the net winnings of a gambler whose strategy is to stop gambling immediately after his first win.*,"If the first win is on trial $N$, then the winnings is: (a) $2/N$ (b) $2-N$ (c) $2N$ (d) $(2-N)/N$"
2024,28,Probability,P4,Standard Discrete Distributions,PLAIN,NUM,B,Y,*Questions 27–28 are based on: gambles are independent and each one results in the player being equally likely to win or lose 1 unit. Let $W$ denote the net winnings of a gambler whose strategy is to stop gambling immediately after his first win.*,What is $P(W<0)$ equal to? (a) 1/2 (b) 1/4 (c) 3/4 (d) 0
2024,29,Probability,P4,Standard Discrete Distributions,PLAIN,EXPR,B,Y,"*Questions 29–30 are based on: suppose that a balanced, six-faced dice is rolled repeatedly until the same number appears on two successive rolls and let $X$ denote the number of rolls that are required.*",What is the value of $P(X=10)$? (a) $\dfrac{5^8}{6^9}$ (b) $\dfrac{5^9}{6^{10}}$ (c) $\dfrac{5^{10}}{6^{10}}$ (d) $\dfrac{5^{11}}{6^{12}}$
2024,30,Probability,P4,Standard Discrete Distributions,PLAIN,NUM,B,Y,"*Questions 29–30 are based on: suppose that a balanced, six-faced dice is rolled repeatedly until the same number appears on two successive rolls and let $X$ denote the number of rolls that are required.*",What is the value of $E(X)$? (a) 17 (b) 7 (c) 18/35 (d) 17/25
2024,31,Probability,P1,"Classical & Axiomatic Probability, Consequences",PLAIN,NUM,A,N,,"Two events $A$ and $B$ are such that $P(A)=1/3$, $P(B)=1/5$ and $P(A\mid B)+P(B\mid A)=2/3$. What is the value of $12P(\bar A\cup\bar B)$? (a) 23/2 (b) 11 (c) 7 (d) 5"
2024,32,Probability,P6,"Random Vectors: Joint, Marginal & Conditional Distributions",MSA,SEL,A,N,,"Let the joint distribution of $X$ and $Y$ be given by $$f(x,y)=\begin{cases}cxye^{-(x^2+y^2)}, & x>0,\ y>0\\ 0, & \text{otherwise}\end{cases}$$ With reference to the above, consider the following statements: I. The value of $c$ for $f(x,y)$ to be a proper pdf is 4. II. The probability $P(X^2>2Y^2)$ is 1/3. III. $X$ and $Y$ are independently distributed. Which of the statements given above are correct? (a) I and II only (b) II and III only (c) I and III only (d) I, II and III"
2024,33,Probability,P6,"Random Vectors: Joint, Marginal & Conditional Distributions",MSA,SEL,A,N,,"Let $X$ and $Y$ have joint probability mass function $$P(X=x,Y=y)=\frac{e^{-2}}{x!(y-x)!}, \quad x=0,1,2,\ldots,y \text{ and } y=1,2,3,\ldots$$ With reference to the above, consider the following statements: I. $Y$ follows Poisson distribution with parameter 1/2. II. $E(X)=1$ Which of the statements given above is/are correct? (a) I only (b) II only (c) Both I and II (d) Neither I nor II"
2024,34,Probability,P8,Mathematical Expectation & Conditional Expectation,MSA,SEL,C,N,,"The probability mass function of a random variable $X$ is given by $P(X=n)=2^{-n};\ n=1,2,3,\ldots$. Define a random variable $$Y = \begin{cases}-1, & \text{if } X \text{ is odd}\\ +1, & \text{if } X \text{ is even}\end{cases}$$ With reference to the above, consider the following statements: I. $P(Y=1)=2/3$ II. $E(Y)=-1/3$ III. $V(Y)=8/9$ Which of the statements given above are correct? (a) I and II only (b) II and III only (c) I and III only (d) I, II and III"
2024,35,Probability,P6,"Random Vectors: Joint, Marginal & Conditional Distributions",MSA,SEL,A,N,,"Let $X$ and $Y$ be jointly distributed with joint probability mass function $$P(x,y) = \frac{1}{2^{y+2}(y+1)}\left(\frac{2y+1}{2y+2}\right)^x, \quad x,y=0,1,2,\ldots$$ With reference to the above, consider the following statements: I. The marginal distribution of $Y$ is geometric distribution. II. $\mathrm{Var}(Y)=1$ Which of the statements given above is/are correct? (a) I only (b) II only (c) Both I and II (d) Neither I nor II"
2024,36,Statistical Methods,S6,Bivariate Normal Distribution,MSA,SEL,A,N,,"Let $X$ and $Y$ be jointly distributed as $BN(1, 0, 36, 16, 1/2)$. Consider the following statements: I. $E(Y\mid X=7)=2$ II. $\mathrm{Cov}(X+Y, Y-X)=-20$ III. $V(X\mid Y=1)=27$ Which of the statements given above are correct? (a) I and II only (b) II and III only (c) I and III only (d) I, II and III"
2024,37,Probability,P9,"Characteristic Function, MGF & PGF; Inversion, Uniqueness, Continuity",PLAIN,EXPR,A,N,,Let $X$ and $Y$ be two independent random variables having moment-generating functions $$M_X(t) = \left(\frac{3}{4}+\frac{1}{4}e^t\right)^3 \quad \text{and} \quad M_Y(t)=e^{2(e^t-1)}$$ What is $P[(X+Y)<2]$ equal to? (a) $\dfrac{27}{64}e^{-2}$ (b) $\dfrac{27}{16}e^{-2}$ (c) $\dfrac{81}{32}e^{-2}$ (d) $\dfrac{27}{32}e^{-2}$
2024,38,Probability,P5,Standard Continuous Distributions,PLAIN,NUM,C,N,,"Let $x_1,x_2,\ldots,x_{10}$ be a sample of size 10 from an exponential distribution with mean $\theta$. The lower bound to the probability $P(0<\bar X<2\theta)$, where $\bar X=\dfrac{1}{10}\sum_{i=1}^{10}X_i$, is: (a) 0.01 (b) 0.09 (c) 0.1 (d) 0.9"
2024,39,Probability,P7,Distributions of Functions of Random Variables,PLAIN,EXPR,C,N,,"Suppose $Y=X^2$ and $f(x)=1,\ 0<x<1$. What is the pdf of $Y$? (a) $\sqrt{y},\ 0<y<1$ (b) $\dfrac{\sqrt{y}}{2},\ 0<y<1$ (c) $\dfrac{1}{2\sqrt{y}},\ 0<y<1$ (d) $y,\ 0<y<1$"
2024,40,Probability,P9,"Characteristic Function, MGF & PGF; Inversion, Uniqueness, Continuity",PLAIN,EXPR,A,N,,"If the moment-generating function of a distribution is $M_X(t)=\dfrac{\lambda}{\lambda-t}$ for $t<\lambda$, then what are mean and variance of the distribution respectively? (a) $\dfrac{-1}{\lambda-t},\ \dfrac{\lambda^2}{(\lambda-t)^2}$ (b) $\dfrac{1}{\lambda},\ \dfrac{1}{\lambda^2}$ (c) $\lambda,\ \lambda^2$ (d) $1,\ \lambda^2$"
2024,41,Computer Application and Data Processing,C9,"Programming Basics: Algorithm, Flowchart, Control Structures, Arrays, Functions",MSA,SEL,A,N,,"Consider the following statements in respect of debugger: I. Debugger is a program used to detect errors and bugs in a program. II. In order to debug the program, a debugger helps us perform step-by-step execution of a program. III. In order to debug the program, a debugger helps us perform stopping the execution of the program until the errors are corrected. Which of the statements given above are correct? (a) I and II only (b) II and III only (c) I and III only (d) I, II and III"
2024,42,Computer Application and Data Processing,C5,"Software, Operating Systems, Packages & Utilities",MSA,SEL,A,N,,"Consider the following statements in respect of Operating System: I. It is the principal component of system software. II. It is responsible for overall management of the computer resources. III. It provides an interface between the computer and user and helps in implementing the application programs. Which of the statements given above are correct? (a) I and II only (b) II and III only (c) I and III only (d) I, II and III"
2024,43,Computer Application and Data Processing,C8,"Computer Security: Virus, Antivirus, Firewall, Spyware, Malware",PLAIN,NAME,A,N,,Consider the following tasks: I. Search and replace II. Encryption III. Virus scanner IV. Backup V. Data recovery How many of the above are tasks of Utility Programs? (a) Only two (b) Only three (c) Only four (d) All five
2024,44,Computer Application and Data Processing,C8,"Computer Security: Virus, Antivirus, Firewall, Spyware, Malware",PLAIN,NAME,B,N,,Which of the following security services prevents either sender or receiver from denying a transmitted message? (a) Authentication (b) Confidentiality (c) Non-repudiation (d) Integrity
2024,45,Computer Application and Data Processing,C7,"Networks: LAN, WAN, Internet, Intranet",PLAIN,NAME,A,N,,At which layer of TCP/IP do ICMP and ARP function? (a) Network layer (b) Application layer (c) Transport layer (d) Physical layer
2024,46,Computer Application and Data Processing,C4,Number Systems & Binary Arithmetic,PLAIN,NUM,B,N,,What is the representation of $-59$ in the 2's complement system? (a) 11000101 (b) 11000100 (c) 10000101 (d) 11000001
2024,47,Computer Application and Data Processing,C6,"Languages, Compiler, Assembler, Interpreter; Low & High Level",MSA,SEL,A,N,,Consider the following statements: I. Both compiler and interpreter can translate the program written in high-level language into machine-level instructions. II. The interpreter translates the whole program into machine language program before executing any of the instructions. Which of the statements given above is/are correct? (a) I only (b) II only (c) Both I and II (d) Neither I nor II
2024,48,Computer Application and Data Processing,C2,"Hardware: Input, Output & Peripheral Devices",MSA,SEL,A,N,,"Consider the following statements in respect of Webcam: I. It is an input device. II. The quality of the video taken through the Webcam largely depends on frame rate and resolution. III. For a video to be smooth and clear, the frame rate is maximum and resolution is minimum. Which of the statements given above is/are correct? (a) II only (b) I and II only (c) I and III only (d) I, II and III"
2024,49,Computer Application and Data Processing,C1,"Computer Organisation: CPU, ALU, Control & Memory Units, I/O Units",MSA,SEL,A,N,,"Which of the following are main operations of CPU? I. Fetching instructions from the memory II. Decoding the instructions III. Executing the instructions IV. Storing the results back in the memory Select the correct answer using the code given below: (a) I, III and IV only (b) I, II and IV only (c) II and III only (d) I, II, III and IV"
2024,50,Computer Application and Data Processing,C7,"Networks: LAN, WAN, Internet, Intranet",PLAIN,NUM,A,N,,"In an e-mail service, the protocols used are SMTP, POP3 and IMAP. What are the port numbers in sequence? (a) 110, 143, 25 (b) 25, 143, 110 (c) 143, 110, 25 (d) 25, 110, 143"
2024,51,Computer Application and Data Processing,C1,"Computer Organisation: CPU, ALU, Control & Memory Units, I/O Units",MSA,SEL,A,N,,"What are the functions of BIOS in computer system? I. It performs power-on self-test. II. It boots the computer system. III. It provides hardware-independent access to the physical devices. Select the correct answer using the code given below: (a) I and II only (b) II and III only (c) I and III only (d) I, II and III"
2024,52,Computer Application and Data Processing,C7,"Networks: LAN, WAN, Internet, Intranet",PLAIN,NAME,A,N,,Sending messages using IPSEC protocol on the internet between two IPSEC compliant router servers is also termed as: (a) tunneling (b) leased line (c) packet filtering (d) message switching
2024,53,Computer Application and Data Processing,C5,"Software, Operating Systems, Packages & Utilities",PLAIN,NAME,B,N,,Which one of the following methods is used for interprocess communication in distributed systems? (a) Shared cache memory (b) Message passing (c) Shared region (d) Cache memory
2024,54,Computer Application and Data Processing,C4,Number Systems & Binary Arithmetic,MSA,SEL,A,N,,Consider the following statements: I. The hexadecimal equivalent of $(1101010101)_2$ is 355. II. The complement of $(47)_{10}$ is $(53)_{10}$. Which of the statements given above is/are correct? (a) I only (b) II only (c) Both I and II (d) Neither I nor II
2024,55,Computer Application and Data Processing,C7,"Networks: LAN, WAN, Internet, Intranet",MSA,NAME,A,N,,"Which of the following are network layer protocols? I. HTTP II. FTP III. NMP IV. SMTP Select the correct answer using the code given below: (a) I, II and III (b) I, II and IV (c) I, III and IV (d) II, III and IV"
2024,56,Computer Application and Data Processing,C7,"Networks: LAN, WAN, Internet, Intranet",MSA,NAME,B,N,,"Which of the following are network connecting devices? I. Repeater II. Bridge III. Hub IV. Bluetooth Select the correct answer using the code given below: (a) I, II and III (b) I, II and IV (c) I, III and IV (d) II, III and IV"
2024,57,Computer Application and Data Processing,C10,"Data, Information, Database & DBMS; Frontend/Backend",MSA,SEL,A,N,,"Consider the following statements regarding Database Management System (DBMS): I. It helps the user in maintaining data integrity while performing the various operations on the database values. II. It helps the user in maintaining consistency in the information stored in the database. III. It allows the user to maintain the security of the confidential information by password-protecting the database. Which of the statements given above are correct? (a) I and II only (b) II and III only (c) I and III only (d) I, II and III"
2024,58,Computer Application and Data Processing,C2,"Hardware: Input, Output & Peripheral Devices",MSA,SEL,A,N,,"Consider the following statements: I. Light pen is an electro-optical pointing device which is generally connected to the Visual Display Unit (VDU) of the computer. II. Touchscreen is a pointing device that enables us to enter data such as text, pictures and images by directly touching the screen. III. Joystick is a pointing device which controls the movement of the cursor on the screen by pointing in a particular direction only. Which of the statements given above are correct? (a) I and II only (b) II and III only (c) I and III only (d) I, II and III"
2024,59,Computer Application and Data Processing,C9,"Programming Basics: Algorithm, Flowchart, Control Structures, Arrays, Functions",MSA,SEL,B,N,,"Which of the following are looping statements in general of a computer programming language? I. While II. Break III. For IV. Continue V. Do while Select the correct answer using the code given below: (a) I and II (b) II and IV only (c) II, III and IV (d) I, III and V"
2024,60,Computer Application and Data Processing,C10,"Data, Information, Database & DBMS; Frontend/Backend",PLAIN,NAME,A,N,,In which of the following data models are the records arranged in the form of a tree? (a) Entity model (b) Relational model (c) Hierarchical model (d) Network model
2024,61,Numerical Analysis,N8,"Numerical Solution of Differential Equations - Euler, Milne, Picard, Runge-Kutta",PLAIN,NUM,A,N,,If $y$ satisfies the initial value problem $$\frac{dy}{dx}=1+xy;\quad y(2)=0$$ then what is the approximation of $y$ at $x=3$? (Use second approximation of Picard's method) (a) 3.0 (b) 2.33 (c) 1.33 (d) 0
2024,62,Numerical Analysis,N8,"Numerical Solution of Differential Equations - Euler, Milne, Picard, Runge-Kutta",MSA,SEL,A,N,,"Consider the following statements: I. Forward Euler method and backward Euler method for initial value problem have same order. II. Classical fourth order Runge-Kutta method for initial value problem has higher order than forward Euler method. III. Classical fourth order Runge-Kutta method for initial value problem has higher order than backward Euler method. Which of the statements given above are correct? (a) I and II only (b) II and III only (c) I and III only (d) I, II and III"
2024,63,Numerical Analysis,N6,"Numerical Integration - Trapezoidal, Simpson's 1/3 & 3/8, Weddle's Rule",PLAIN,NUM,A,N,,"Use Simpson's one-third rule to evaluate $\displaystyle\int_1^3 x^4\,dx$ by dividing $[1,3]$ into two parts. What is the value of the error? (a) 0.12 (b) 0.19 (c) 0.27 (d) 0.33"
2024,64,Numerical Analysis,N8,"Numerical Solution of Differential Equations - Euler, Milne, Picard, Runge-Kutta",PLAIN,NUM,A,N,,"Runge-Kutta method of order four is used to find the solution of the differential equation $\dfrac{dy}{dx}=f(x);\ y(0)=0$ with step size $h$. If the solution is $$y(h) = h\left[af(0)+bf\left(\frac{h}{2}\right)+cf(h)\right]$$ then what are the values of $a, b, c$ respectively? (a) 1/6, 2/3, 2/3 (b) 2/3, 2/3, 1/6 (c) 2/3, 1/6, 1/6 (d) 1/6, 2/3, 1/6"
2024,65,Numerical Analysis,N6,"Numerical Integration - Trapezoidal, Simpson's 1/3 & 3/8, Weddle's Rule",PLAIN,EXPR,A,N,,"$y=x^2+2x+3$ and $y_0, y_1, y_2$ are the values of $y$ for $x=a, a+h, a+2h$ respectively. What is the value of $\displaystyle\int_a^{a+2h} y\,dx$? (Use trapezoidal rule) (a) $\dfrac{h}{2}(y_0+2y_1+y_2)$ (b) $\dfrac{h}{2}(2y_0+y_1+2y_2)$ (c) $\dfrac{h}{2}(y_0+2y_1+2y_2)$ (d) $\dfrac{h}{2}(y_0+y_1+y_2)$"
2024,66,Numerical Analysis,N1,"Finite Differences: Operators, Factorial Polynomials, Separation of Symbols",PLAIN,NUM,A,N,,What is the value of the following? $$4y_0+6\Delta y_0+4\Delta^2 y_0+\Delta^3 y_0$$ (a) $y_0-y_1+y_2-y_3$ (b) $y_0+y_1+y_2+y_3$ (c) $y_0+y_1-y_2-y_3$ (d) $y_0-y_1-y_2+y_3$
2024,67,Numerical Analysis,N1,"Finite Differences: Operators, Factorial Polynomials, Separation of Symbols",PLAIN,EXPR,A,N,,What is the value of $\nabla^5 y_n$? (a) $\nabla^5 y_{n-5}$ (b) $\nabla^4\Delta y_{n-5}$ (c) $\Delta^5 y_n$ (d) $\Delta^5 y_{n-5}$
2024,68,Numerical Analysis,N6,"Numerical Integration - Trapezoidal, Simpson's 1/3 & 3/8, Weddle's Rule",PLAIN,NAME,A,N,,"To find the approximate value of $\displaystyle\int_a^b y\,dx$, where $b=a+8h$, which of the following rules can be applied? (a) Trapezoidal rule and Simpson's three-eighths rule (b) Trapezoidal rule and Simpson's one-third rule (c) Simpson's one-third rule and Weddle rule (d) Simpson's three-eighths rule and Weddle rule"
2024,69,Numerical Analysis,N6,"Numerical Integration - Trapezoidal, Simpson's 1/3 & 3/8, Weddle's Rule",PLAIN,NUM,A,N,,"The value of the integral $\displaystyle\int_1^3 f(x)\,dx$ is 5 by using trapezoidal rule and 3 by using Simpson's one-third rule dividing $[1,3]$ into minimum number of intervals. What is the value of $f(2)$? (a) 1/2 (b) 1 (c) 3/2 (d) 2"
2024,70,Numerical Analysis,N3,Divided Differences; Newton's & Lagrange's Formulae (Unequal Intervals),PLAIN,NAME,A,N,,The third divided difference of a cubic polynomial is: (a) always constant but not necessarily zero (b) always zero (c) equal to sum of arguments (d) equal to product of arguments
2024,71,Numerical Analysis,N1,"Finite Differences: Operators, Factorial Polynomials, Separation of Symbols",PLAIN,NUM,A,N,,"If $\Delta^2(ab^x)=\alpha b^x$, the interval of differencing being 1, then what is the value of $\alpha$? (a) $a(b-1)^2$ (b) $a$ (c) $(b-1)^2$ (d) $a(b-1)$"
2024,72,Numerical Analysis,N1,"Finite Differences: Operators, Factorial Polynomials, Separation of Symbols",PLAIN,NUM,A,N,,"If $\left(\dfrac{\Delta^2}{E}\right)x^3=\alpha x+\beta$, the interval of differencing being 1, then what are the values of $\alpha$ and $\beta$ respectively? (a) 6, 6 (b) 6, 0 (c) 0, 6 (d) 3, 3"
2024,73,Numerical Analysis,N1,"Finite Differences: Operators, Factorial Polynomials, Separation of Symbols",PLAIN,NUM,A,N,,"If $\delta=\alpha\nabla E^n$, the interval of differencing being 1, then what are the values of $\alpha$ and $n$ respectively? (a) 1, $-1/2$ (b) 1, $1/2$ (c) $1/2, -1/2$ (d) $-1/2, 1/2$"
2024,74,Numerical Analysis,N2,Interpolation - Newton-Gregory Forward & Backward (Equal Intervals),PLAIN,NUM,A,N,,"Which one of the following is the best possible choice for the step size $h$ to tabulate $f(x)=\sin x$ on $[0,\pi/4]$ that results in truncation error for the linear interpolation at most $10^{-5}$? (a) $\pi/520$ (b) $\pi/320$ (c) $\pi/120$ (d) $\pi/92$"
2024,75,Numerical Analysis,N2,Interpolation - Newton-Gregory Forward & Backward (Equal Intervals),PLAIN,NAME,B,N,,"The roots of the least degree polynomial satisfied by $(0,1)$, $(1/2,3/2)$ and $(1,3)$ are: (a) real and distinct (b) complex with real part zero (c) real and repeated (d) complex with non-zero real part"
2024,76,Numerical Analysis,N3,Divided Differences; Newton's & Lagrange's Formulae (Unequal Intervals),PLAIN,NAME,A,N,,"The bound on the truncation error of Lagrange linear interpolating polynomial $f(x)$ on $[a,b]$ is $\varepsilon$. What is the bound on the truncation error of Newton forward interpolating polynomial of $f(x)$ on $[a,b]$? (a) $\varepsilon/2$ (b) $\varepsilon$ (c) $2\varepsilon$ (d) $4\varepsilon$"
2024,77,Numerical Analysis,N6,"Numerical Integration - Trapezoidal, Simpson's 1/3 & 3/8, Weddle's Rule",PLAIN,NUM,B,N,,"If the formula $$\int_{x_0}^{x_2} f(x)\,dx = \alpha f(x_0)+\beta f(x_0+h)+\gamma f(x_0+2h)$$ is exact for polynomial of as high order as possible for any $h>0$, then what are the values of $\alpha, \beta, \gamma$ respectively? (a) $h/3, 4h/3, h/3$ (b) $4h/3, h/3, h/3$ (c) $h, h/2, h$ (d) $h/2, h, h/2$"
2024,78,Numerical Analysis,N6,"Numerical Integration - Trapezoidal, Simpson's 1/3 & 3/8, Weddle's Rule",MSA,SEL,A,N,,"For $\displaystyle\int_0^1 f(x)\,dx$, where $f(x)$ is cubic polynomial, consider the following statements: I. Trapezoidal rule will give the exact value of the integral. II. Simpson's one-third rule will give the exact value of the integral. III. Simpson's three-eighths rule will give the exact value of the integral. Which of the statements given above are correct? (a) I and II only (b) II and III only (c) I and III only (d) I, II and III"
2024,79,Numerical Analysis,N6,"Numerical Integration - Trapezoidal, Simpson's 1/3 & 3/8, Weddle's Rule",TBL,NAME,A,N,,"Consider the following data with regard to depth ($y$) at a distance ($x$) of a river 40 m wide: | Distance from one side, $x$ | 0 | 10 | 20 | 30 | 40 | |---|---|---|---|---|---| | Depth, $y$ (metre) | 0 | 4 | 7 | 9 | 12 | What is the approximate area of cross-section of the river? (Use Simpson's one-third rule) (a) 780 square metre (b) 390 square metre (c) 260 square metre (d) 195 square metre"
2024,80,Numerical Analysis,N8,"Numerical Solution of Differential Equations - Euler, Milne, Picard, Runge-Kutta",PLAIN,NUM,A,N,,"Consider the initial value problem $\dfrac{dy}{dx}=-8y;\ y(0)=1$. What is the largest interval for step size $h$ so that the forward Euler method to solve the initial value problem is absolutely stable? (a) $(0, 1/8)$ (b) $(0, 1/4)$ (c) $(0, 1/3)$ (d) $(0, 1/2)$"
2025,1,Probability,P5,Standard Continuous Distributions,PLAIN,EXPR,A,N,,"X follows Beta distribution of first kind Beta$(\alpha, \beta)$ with $\alpha > 1$ and $\beta > 1$. What is the mode? (a) $\frac{\alpha-1}{\alpha+\beta-2}$ (b) $\frac{\alpha}{\alpha+\beta}$ (c) $\frac{\alpha+1}{\alpha+\beta+1}$ (d) $\frac{\alpha+\beta}{\alpha+\beta-1}$"
2025,2,Probability,P5,Standard Continuous Distributions,MSA,SEL,A,N,,"For Beta distribution of first kind Beta$(\alpha, \beta)$, consider the following statements: I. For $\alpha > 1, \beta > 1$; density has unique mode. II. For $\alpha+\beta=2$ such that $\alpha=\beta=1$, all points in $[0,2]$ are modes. Which of the statements given above is/are correct? (a) I only (b) II only (c) Both I and II (d) Neither I nor II"
2025,3,Probability,P5,Standard Continuous Distributions,PLAIN,NAME,C,N,,"Let X be a continuous random variable with the following pdf: $$f(x) = \begin{cases} \frac{1}{8}, & 2 \le x \le 10 \\ 0, & \text{otherwise} \end{cases}$$ What is the distribution of $Y = aX+b$, provided $a>0$? (a) $U(8a+b,\ 12a+b)$ (b) $U(2a+b,\ 10a+b)$ (c) Poisson$(ba^{1/8})$ (d) None of the above"
2025,4,Probability,P2,"Conditional Probability, Law of Total Probability, Bayes' Theorem",PLAIN,NUM,B,N,,"A player rolls a fair dice and simultaneously tosses a fair coin. If ""head"" appears on the coin, the player wins twice the value on the dice; if ""tail"" appears, the player wins half the value on the dice. What is the player's expected win? (a) 10.250 (b) 8.625 (c) 7.625 (d) 4.375"
2025,5,Probability,P2,"Conditional Probability, Law of Total Probability, Bayes' Theorem",PLAIN,NAME,B,N,,"A miner is trapped in a mine containing 3 doors. The first door leads to a tunnel that takes him to safety after 3 hours. The second returns him to the mine after 5 hours. The third returns him to the mine after 7 hours. Assuming the miner is equally likely to choose any door, what is the expected time until he reaches safety? (a) 15 hours (b) 25 hours (c) 30 hours (d) 35 hours"
2025,6,Probability,P5,Standard Continuous Distributions,PLAIN,EXPR,A,N,,"The distribution function of the standard Laplace distribution with pdf $f(x) = \frac{1}{2}e^{-|x|}, -\infty<x<\infty$ is: (a) $F_X(x) = \begin{cases} \frac{e^x}{2}, & x \le 0 \\ 1-\frac{e^{-x}}{2}, & x>0 \end{cases}$ (b) $F_X(x) = \begin{cases} \frac{e^x}{2}, & x \le 0 \\ 1-e^{-x}, & x>0 \end{cases}$ (c) $F_X(x) = \begin{cases} \frac{e^{-x}}{2}, & x \le 0 \\ \frac{e^x}{2}, & x>0 \end{cases}$ (d) $F_X(x) = \begin{cases} 1-\frac{e^{-x}}{2}, & x \le 0 \\ 1, & x>0 \end{cases}$"
2025,7,Probability,P6,"Random Vectors: Joint, Marginal & Conditional Distributions",PLAIN,NUM,A,N,,"Let $X_1$ and $X_2$ have joint pdf $f(x_1,x_2) = \begin{cases} 2, & 0<x_1<x_2<1 \\ 0, & \text{otherwise} \end{cases}$. What is the marginal distribution of $X_1$? (a) $f_1(x_1) = 1,\ 0<x_1<1$ (b) $f_1(x_1) = 2-2x_1,\ 0<x_1<1$ (c) $f_1(x_1) = 2x_1,\ 0<x_1<1$ (d) $f_1(x_1) = 3x_1^2,\ 0<x_1<1$"
2025,8,Probability,P8,Mathematical Expectation & Conditional Expectation,PLAIN,EXPR,A,N,,"Let $k>0$ be a constant such that pdf of X is $f(x) = \begin{cases} kx(1-x), & 0<x<1 \\ 0, & \text{elsewhere} \end{cases}$. What is $E(X)$? (a) $\frac{1}{2}$ (b) $\frac{1}{4}$ (c) $\frac{1}{6}$ (d) $\frac{1}{8}$"
2025,9,Probability,P9,"Characteristic Function, MGF & PGF; Inversion, Uniqueness, Continuity",PLAIN,EXPR,A,N,,"Let $M_X(t)$ and $M_Y(t)$ be moment generating functions of X and Y. If $E(X)=\frac{1}{2}$, $\mathrm{Var}(X)=\frac{1}{4}$, and $M_Y(t) = (0.75+0.25e^{2t})M_X(t)$ for $t \in (-h,h), h>0$, what is $\mathrm{Var}(Y)$? (a) $\frac{1}{4}$ (b) $\frac{1}{2}$ (c) $1$ (d) $2$"
2025,10,Statistical Methods,S10,"Sampling Distributions: Sample Mean, Sample Variance, t, Chi-square, F",MSA,SEL,C,N,,"Let X follow Chi-square distribution with n degrees of freedom. Which statement(s) is/are correct? I. $\frac{X-n}{\sqrt{2n}}$ is asymptotically $N(0,1)$. II. $\frac{X}{n}$ is asymptotically normal with mean 1 and variance $\frac{2}{n}$. (a) I only (b) II only (c) Both I and II (d) Neither I nor II"
2025,11,Probability,P6,"Random Vectors: Joint, Marginal & Conditional Distributions",MSA,SEL,A,N,,The joint probability of two events A and B is given by: | | B | $\bar{B}$ | |---|---|---| | A | 0.4 | 0.1 | | $\bar{A}$ | 0.2 | 0.3 | I. A and B are independent events. II. $P(A \mid \bar{B}) + P(\bar{A} \mid B) > \frac{1}{2}$. Which is/are correct? (a) I only (b) II only (c) Both I and II (d) Neither I nor II
2025,12,Probability,P9,"Characteristic Function, MGF & PGF; Inversion, Uniqueness, Continuity",MSA,SEL,A,N,,"If $k_r$ and $\mu_r'$ denote the $r^{th}$ cumulant and $r^{th}$ moment about the origin, which statements are correct? I. $k_1 = \mu_1'$ II. $k_2 = \mu_2' - {\mu_1'}^2$ III. $k_3 = \mu_3' - 3\mu_2'\mu_1' + 2{\mu_1'}^3$ (a) I and II only (b) II and III only (c) I and III only (d) I, II and III"
2025,13,Statistical Methods,S6,Bivariate Normal Distribution,MSA,SEL,A,N,,"Let (X, Y) follow a bivariate normal distribution with $E(X)=E(Y)=2$, $V(X)=100$, $V(Y)=144$, $\mathrm{Corr}(X,Y)=0.5$. Which statement(s) is/are correct? I. $E(Y \mid X=x) = 3.2+0.6x$ II. $V(Y \mid X=x) = 108$ (a) I only (b) II only (c) Both I and II (d) Neither I nor II"
2025,14,Statistical Methods,S8,"Correlation: Distribution of r, Partial, Multiple, Intraclass, Correlation Ratio",PLAIN,EXPR,A,N,,"In a trivariate distribution, $r_{12}=0.8$, $r_{13}=-0.4$, $r_{23}=0$. The correlation coefficient between $X_1$ and $X_3$ after eliminating the linear effect of $X_2$ from each is: (a) $\frac{2}{3}$ (b) $\frac{1}{3}$ (c) $-\frac{1}{3}$ (d) $-\frac{2}{3}$"
2025,15,Statistical Methods,S8,"Correlation: Distribution of r, Partial, Multiple, Intraclass, Correlation Ratio",MSA,SEL,A,N,,"If $\eta_{YX}$ is the correlation ratio of Y on X, which statement(s) is/are correct? I. $\eta_{YX}^2$ is independent of change of origin and scale. II. $\eta_{YX} = \eta_{XY}$ III. $\eta_{YX}^2 \ge r^2$, where r is the correlation coefficient between X and Y. (a) I and II only (b) III only (c) I and III only (d) I, II and III"
2025,16,Probability,P6,"Random Vectors: Joint, Marginal & Conditional Distributions",MSA,SEL,A,N,,"The joint pmf of X and Y is: | Y \ X | 0 | 1 | 2 | |---|---|---|---| | 0 | 3/28 | 9/28 | 3/28 | | 1 | 3/14 | 3/14 | 0 | | 2 | 1/28 | 0 | 0 | I. $\mathrm{Cov}(X,Y) = 3/4$ II. $E(X) = E(Y)$ Which is/are correct? (a) I only (b) II only (c) Both I and II (d) Neither I nor II"
2025,17,Probability,P4,Standard Discrete Distributions,PLAIN,NAME,A,N,,"Let $(X_1,\ldots,X_k)$ be a random sample of size k from a geometric distribution with pmf $f(x)=pq^{x-1};\ x=1,2,3,\ldots$. Then $\min(X_1,\ldots,X_k)$ is distributed geometrically with parameter: (a) $1-p^k$ (b) $1-(1-p)^k$ (c) $(1-p)^k$ (d) None of the above"
2025,18,Statistical Methods,S6,Bivariate Normal Distribution,PLAIN,EXPR,A,N,,"If X and Y have a bivariate normal distribution with parameters $\mu_1,\mu_2,\sigma_1^2,\sigma_2^2,\rho$, the marginal distribution of X is: (a) $N(\mu_1,\sigma_1^2)$ (b) $N\!\left(\mu_1+\rho\frac{\sigma_1}{\sigma_2}(y-\mu_2),\ \sigma_1^2\right)$ (c) $N(\mu_1,\ \sigma_1^2(1-\rho^2))$ (d) $N\!\left(\mu_1+\rho\frac{\sigma_1}{\sigma_2}(y-\mu_2),\ \sigma_1^2(1-\rho^2)\right)$"
2025,19,Statistical Methods,S8,"Correlation: Distribution of r, Partial, Multiple, Intraclass, Correlation Ratio",PLAIN,NUM,C,N,,What would be the lowest value of $r^2$ in a sample of 27 pairs of observations that would be significant at the 5% level? $[t_{25}(0.05)=2.06]$ (a) 0.1451 (b) 0.2451 (c) 0.3551 (d) 0.4451
2025,20,Statistical Methods,S4,Bivariate & Multivariate Data; Association & Contingency,NEG,NAME,B,N,,"The male population in a state is 25 lakh. Among them, literates number 2 lakh, criminals number 26000, and literate criminals number 2000. What is the association between literacy and criminality? (a) No association (b) Negatively associated (c) Positively associated (d) Association cannot be established"
2025,21,Numerical Analysis,N1,"Finite Differences: Operators, Factorial Polynomials, Separation of Symbols",PLAIN,EXPR,A,N,,"What is $\frac{1}{1-E^2}(ab^x)$ equal to, where $0<b<1$? (interval of differencing = unity) (a) $\frac{ab^x}{1-b^2}$ (b) $\frac{ab^x}{1-a^2}$ (c) $\frac{ab^x}{1-a^4}$ (d) $\frac{ab^x}{1-b^4}$"
2025,22,Numerical Analysis,N1,"Finite Differences: Operators, Factorial Polynomials, Separation of Symbols",PLAIN,EXPR,A,N,,What is $\Delta^5\!\left(\frac{1}{x}\right)$ at $x=2$? (interval of differencing = unity) (a) 1 (b) $-1$ (c) $-\frac{1}{21}$ (d) $-\frac{1}{42}$
2025,23,Numerical Analysis,N3,Divided Differences; Newton's & Lagrange's Formulae (Unequal Intervals),PLAIN,EXPR,A,N,,"If the $9^{th}$ divided difference of $f(x)=\frac{1}{x}$ based on points $x_i=ih,\ 1\le i\le 10$ is $\alpha$, what is the $10^{th}$ divided difference of $f(x)$ based on points $x_i=ih,\ 1\le i\le 11$? (a) $-\frac{\alpha}{11h}$ (b) $-\frac{\alpha}{10h}$ (c) $\frac{\alpha}{11h}$ (d) $\frac{\alpha}{10h}$"
2025,24,Numerical Analysis,N6,"Numerical Integration - Trapezoidal, Simpson's 1/3 & 3/8, Weddle's Rule",PLAIN,NUM,A,N,,"Simpson's one-third rule applied to $\int_0^2 f(x)\,dx$ gives the value 2, where $f(1)=0.5$. If the trapezoidal rule is applied instead, what is the value of $\int_0^2 f(x)\,dx$? (a) 8 (b) 4 (c) 2 (d) 1"
2025,25,Numerical Analysis,N6,"Numerical Integration - Trapezoidal, Simpson's 1/3 & 3/8, Weddle's Rule",TBL,NUM,A,N,,Consider the table: | x | 0 | 1/4 | 1/2 | 3/4 | 1 | |---|---|---|---|---|---| | f(x) | 1 | 4/5 | 2/3 | 4/7 | 1/2 | Simpson's one-third rule with 4 equal intervals approximates the area bounded by $f(x)$ and the x-axis from $x=0$ to $x=1$. What is the approximate area? (a) 0.6951 (b) 0.6944 (c) 0.6932 (d) 0.70
2025,26,Numerical Analysis,N6,"Numerical Integration - Trapezoidal, Simpson's 1/3 & 3/8, Weddle's Rule",PLAIN,NUM,A,N,,"The trapezoidal rule is used to find the absolute error in evaluating $\int_a^{a+h} f(x)\,dx$. If the absolute error is $\frac{2}{3}f''(\xi),\ a<\xi<b$, what is the value of h? (a) 2 (b) 3 (c) 4 (d) 8"
2025,27,Numerical Analysis,N6,"Numerical Integration - Trapezoidal, Simpson's 1/3 & 3/8, Weddle's Rule",MSA,SEL,A,N,,"Consider the statements about $\int_a^b f(x)\,dx$: I. Trapezoidal rule gives exact result for a linear polynomial. II. Trapezoidal rule gives exact result for a quadratic polynomial. III. Simpson's one-third rule gives exact result for a cubic polynomial. IV. Simpson's one-third rule gives exact result for a quadratic polynomial. Which are correct? (a) I, III and IV (b) I and IV only (c) I and III only (d) II, III and IV"
2025,28,Numerical Analysis,N8,"Numerical Solution of Differential Equations - Euler, Milne, Picard, Runge-Kutta",PLAIN,NUM,A,N,,"Forward Euler method finds the numerical solution $y_1$ at $x=0.2$ with $h=0.2$ for $\frac{dy}{dx}=-2xy^2,\ y(0)=1$. What is $|y(0.2)-y_1|$ approximately? (a) 0.0215 (b) 0.0385 (c) 0.9615 (d) 1"
2025,29,Numerical Analysis,N8,"Numerical Solution of Differential Equations - Euler, Milne, Picard, Runge-Kutta",PLAIN,NUM,A,N,,"The Picard method finds $y^{(1)}(x)$ (first iterate) for $\frac{dy}{dx}=-2xy^2,\ y(0)=1$. What is $|y^{(1)}(x)-y(x)|$ at $x=0.2$? (a) 0.9915 (b) 0.9615 (c) 0.0015 (d) 0.0005"
2025,30,Numerical Analysis,N8,"Numerical Solution of Differential Equations - Euler, Milne, Picard, Runge-Kutta",PLAIN,NUM,A,N,,"If $y(x)$ solves $\frac{dy}{dx}=1+x+y,\ y(0)=1$ using Euler's method with step $h=0.1$, then $y(0.3)$ equals: (a) 0.963 (b) 1.125 (c) 1.693 (d) 1.963"
2025,31,Computer Application and Data Processing,C7,"Networks: LAN, WAN, Internet, Intranet",PLAIN,NAME,A,N,,In which topology are all nodes connected to a single backbone cable? (a) Mesh (b) Star (c) Hybrid (d) Bus
2025,32,Computer Application and Data Processing,C7,"Networks: LAN, WAN, Internet, Intranet",PLAIN,NAME,A,N,,Which device connects computers in a star topology? (a) Router (b) Hub (c) Repeater (d) Bridge
2025,33,Computer Application and Data Processing,C5,"Software, Operating Systems, Packages & Utilities",PLAIN,NAME,B,N,,In which type of scheduling is the process allocated to the CPU for a specific time slice? (a) FCFS (b) Shortest Job First (c) Priority (d) Round Robin
2025,34,Computer Application and Data Processing,C3,"Memory: RAM, ROM, Cache; Units of Memory & Storage Capacity",PLAIN,NAME,A,N,,"Consider: I. Better performance II. Low price III. Low power and heat IV. High reliability. Which are advantages of solid-state storage devices over hard disk drives? (a) I, II and III (b) I, II and IV (c) I, III and IV (d) II, III and IV"
2025,35,Computer Application and Data Processing,C4,Number Systems & Binary Arithmetic,MSA,SEL,A,N,,Consider the statements: I. The hexadecimal equivalent of octal number 366 is 0F6. II. The decimal equivalent of hexadecimal number A53 is 2643. Which is/are correct? (a) I only (b) II only (c) Both I and II (d) Neither I nor II
2025,36,Computer Application and Data Processing,C5,"Software, Operating Systems, Packages & Utilities",PLAIN,SEL,A,N,,"Consider: I. Multi-user II. Multitasking III. Multiprocessor. Which are correct in respect of the Linux operating system? (a) I and II only (b) II and III only (c) I and III only (d) I, II and III"
2025,37,Computer Application and Data Processing,C9,"Programming Basics: Algorithm, Flowchart, Control Structures, Arrays, Functions",PLAIN,NAME,A,N,,Which term specifies the amount of memory required by an algorithm to perform its task? (a) Time complexity (b) Space complexity (c) Hybrid complexity (d) Processing complexity
2025,38,Computer Application and Data Processing,C6,"Languages, Compiler, Assembler, Interpreter; Low & High Level",PLAIN,NAME,A,N,,"In high-level programming languages, what role does the runtime environment play? (a) It provides libraries and frameworks for application development. (b) It executes the compiled machine code directly on the CPU. (c) It manages memory allocation, garbage collection, and other runtime tasks. (d) It translates source code into machine code during compilation."
2025,39,Computer Application and Data Processing,C9,"Programming Basics: Algorithm, Flowchart, Control Structures, Arrays, Functions",PLAIN,NAME,A,N,,What is the purpose of breakpoints in debugging? (a) To mark a point in the code where execution should pause for inspection. (b) To measure the time elapsed to run a block of code. (c) To skip a block of code during execution. (d) To identify memory leaks in the program.
2025,40,Computer Application and Data Processing,C10,"Data, Information, Database & DBMS; Frontend/Backend",PLAIN,NAME,A,N,,"In a client-server DBMS architecture, which is primarily responsible for managing database access, security, and data integrity? (a) Query processor (b) Client (c) Server (d) Database administrator"
2025,41,Probability,P6,"Random Vectors: Joint, Marginal & Conditional Distributions",PLAIN,NAME,A,Y,"> **Shared data for Q41–Q44.** Let $(X_1,X_2,X_3)$ be a random vector with joint pmf: > $$P(X_1=x_1,X_2=x_2,X_3=x_3) = \begin{cases} \dfrac{50!}{x_1!\,x_2!\,x_3!\,(50-x_1-x_2-x_3)!}\left(\dfrac14\right)^{x_1}\!\left(\dfrac14\right)^{x_2}\!\left(\dfrac14\right)^{x_3}\!\left(\dfrac14\right)^{50-x_1-x_2-x_3} & \text{if } x_1+x_2+x_3\le 50 \\ 0 & \text{otherwise} \end{cases}$$","The distribution of $(50-X_1)$ is: (a) Binomial(50, 1/4) (b) Binomial(50, 3/4) (c) Poisson(3/4) (d) Poisson(1/4)"
2025,42,Statistical Methods,S8,"Correlation: Distribution of r, Partial, Multiple, Intraclass, Correlation Ratio",PLAIN,NUM,A,Y,"> **Shared data for Q41–Q44.** Let $(X_1,X_2,X_3)$ be a random vector with joint pmf: > $$P(X_1=x_1,X_2=x_2,X_3=x_3) = \begin{cases} \dfrac{50!}{x_1!\,x_2!\,x_3!\,(50-x_1-x_2-x_3)!}\left(\dfrac14\right)^{x_1}\!\left(\dfrac14\right)^{x_2}\!\left(\dfrac14\right)^{x_3}\!\left(\dfrac14\right)^{50-x_1-x_2-x_3} & \text{if } x_1+x_2+x_3\le 50 \\ 0 & \text{otherwise} \end{cases}$$",The correlation between $X_1$ and $X_2$ is: (a) $-1/4$ (b) $-1/3$ (c) $1/4$ (d) $1/3$
2025,43,Probability,P6,"Random Vectors: Joint, Marginal & Conditional Distributions",PLAIN,NUM,A,Y,"> **Shared data for Q41–Q44.** Let $(X_1,X_2,X_3)$ be a random vector with joint pmf: > $$P(X_1=x_1,X_2=x_2,X_3=x_3) = \begin{cases} \dfrac{50!}{x_1!\,x_2!\,x_3!\,(50-x_1-x_2-x_3)!}\left(\dfrac14\right)^{x_1}\!\left(\dfrac14\right)^{x_2}\!\left(\dfrac14\right)^{x_3}\!\left(\dfrac14\right)^{50-x_1-x_2-x_3} & \text{if } x_1+x_2+x_3\le 50 \\ 0 & \text{otherwise} \end{cases}$$",What is $E(X_1 \mid X_2=5)$? (a) 8 (b) 10 (c) 12 (d) 15
2025,44,Probability,P6,"Random Vectors: Joint, Marginal & Conditional Distributions",PLAIN,NUM,A,Y,"> **Shared data for Q41–Q44.** Let $(X_1,X_2,X_3)$ be a random vector with joint pmf: > $$P(X_1=x_1,X_2=x_2,X_3=x_3) = \begin{cases} \dfrac{50!}{x_1!\,x_2!\,x_3!\,(50-x_1-x_2-x_3)!}\left(\dfrac14\right)^{x_1}\!\left(\dfrac14\right)^{x_2}\!\left(\dfrac14\right)^{x_3}\!\left(\dfrac14\right)^{50-x_1-x_2-x_3} & \text{if } x_1+x_2+x_3\le 50 \\ 0 & \text{otherwise} \end{cases}$$",What is $V(X_1 \mid X_2=5)$? (a) 8 (b) 10 (c) 12 (d) 15
2025,45,Probability,P9,"Characteristic Function, MGF & PGF; Inversion, Uniqueness, Continuity",PLAIN,EXPR,A,Y,"> **Shared data for Q45–Q47.** X and Y are independently distributed as Poisson$(\lambda)$, and their MGFs together with random variable Z satisfy $M_Z(t) = M_Y(\log M_X(t))$ for $t \in (-h,h),\ h>0$.",What is $E(Z)$? (a) $\lambda+1$ (b) $\lambda^2$ (c) $\lambda^2+\lambda$ (d) $\lambda^4+1$
2025,46,Probability,P9,"Characteristic Function, MGF & PGF; Inversion, Uniqueness, Continuity",PLAIN,EXPR,A,Y,"> **Shared data for Q45–Q47.** X and Y are independently distributed as Poisson$(\lambda)$, and their MGFs together with random variable Z satisfy $M_Z(t) = M_Y(\log M_X(t))$ for $t \in (-h,h),\ h>0$.",What is $\mathrm{Var}(Z)$? (a) $1+\lambda+\lambda^3$ (b) $1+\lambda^2+\lambda^3$ (c) $\lambda^2+\lambda^3$ (d) $\lambda^2+\lambda^3+\lambda^4$
2025,47,Probability,P9,"Characteristic Function, MGF & PGF; Inversion, Uniqueness, Continuity",PLAIN,EXPR,A,Y,"> **Shared data for Q45–Q47.** X and Y are independently distributed as Poisson$(\lambda)$, and their MGFs together with random variable Z satisfy $M_Z(t) = M_Y(\log M_X(t))$ for $t \in (-h,h),\ h>0$.",What is the moment generating function of Z? (a) $e^{\lambda^2(e^t-1)}$ (b) $e^{\lambda[e^{t(e^\lambda-1)}-1]}$ (c) $e^{\lambda(e^{t^2}-1)}$ (d) $e^{\lambda[e^{\lambda(e^t-1)}-1]}$
2025,48,Probability,P4,Standard Discrete Distributions,PLAIN,NAME,A,N,,Use the Poisson distribution to compute the probability of getting the ace of spades at least twice in 104 trials of drawing a single card (with replacement) from a well-shuffled pack (given $e^{-2}=0.1353$). What is the probability? (a) 0.6235 (b) 0.5941 (c) 0.5419 (d) None of the above
2025,49,Probability,P10,Modes of Convergence of Sequences of Random Variables,PLAIN,NAME,B,N,,"Let $X_1,X_2,\ldots$ be an iid sequence with common pdf $f(x) = \begin{cases} e^{-x+\theta}, & x\ge\theta \\ 0, & x<\theta \end{cases}$. If $\overline{X}_n = \frac{1}{n}\sum_{i=1}^n X_i$, then $\overline{X}_n$ converges in probability to: (a) $1-\theta$ (b) $1+\theta$ (c) $1-\theta^2$ (d) $1+\theta^2$"
2025,50,Statistical Methods,S3,Skewness & Kurtosis (Moments),PLAIN,NUM,B,N,,The characteristic function of X is $\Phi_X(t) = e^{2t(i-t)};\ |t|\le 1$. What is the fourth-order central moment of the distribution? (a) 12 (b) 24 (c) 36 (d) 48
2025,51,Probability,P13,Laws of Large Numbers & Central Limit Theorems,PLAIN,NAME,B,N,,"Let $X_1,\ldots,X_n$ be a random sample from $U[0,1]$. The asymptotic distribution of the empirical cdf $F_n(x)$ is: (a) Normal with mean zero and variance 1 (b) Normal with mean zero and variance $x(1-x)/n$ (c) Normal with mean x and variance $x(1-x)/n$ (d) None of the above"
2025,52,Probability,P6,"Random Vectors: Joint, Marginal & Conditional Distributions",PLAIN,NUM,A,N,,"A non-negative continuous random variable (X, Y) has joint density $f(x,y) = \begin{cases} 4xye^{-(x^2+y^2)}, & x\ge0, y\ge0 \\ 0, & \text{otherwise} \end{cases}$. Let $T^2=X^2+Y^2$. The density of T is: (a) $2t^3e^{-t^2}$ (b) $2t^{3/2}e^{-t^3}$ (c) $3t^2e^{-t^2}$ (d) $3te^{-t^3}$"
2025,53,Statistical Methods,S4,Bivariate & Multivariate Data; Association & Contingency,MSA,SEL,B,N,,"For three distinct attributes A, B, C with $(A)=(\alpha)=(B)=(\beta)=(C)=(\gamma)=N/2$ such that $(ABC)=(\alpha\beta\gamma)$: I. $(AB)=(\alpha\beta),\ (A\beta)=(\alpha B)$ II. $2(ABC) = (AB)+(AC)+(BC)-N/2$ Which is/are correct? (a) I only (b) II only (c) Both I and II (d) Neither I nor II"
2025,54,Probability,P5,Standard Continuous Distributions,PLAIN,NUM,C,N,,"If X is uniformly distributed with mean 1 and variance $4/3$, then $P[X<0]$ equals: (a) 1/2 (b) 1/3 (c) 1/4 (d) 1/8"
2025,55,Probability,P5,Standard Continuous Distributions,PLAIN,EXPR,A,N,,"If $X\sim N(\mu,\sigma^2)$, then $P[a\le X\le b]$ in terms of the standard normal cdf $\Phi(\cdot)$ is: (a) $\Phi\!\left(\frac{a-\mu}{\sigma}\right)-\Phi\!\left(\frac{b-\mu}{\sigma}\right)$ (b) $\Phi\!\left(\frac{b-\mu}{\sigma}\right)-\Phi\!\left(\frac{a-\mu}{\sigma}\right)$ (c) $\Phi\!\left(\frac{a+\mu}{\sigma}\right)-\Phi\!\left(\frac{b+\mu}{\sigma}\right)$ (d) $\Phi\!\left(\frac{b+\mu}{\sigma}\right)-\Phi\!\left(\frac{a+\mu}{\sigma}\right)$"
2025,56,Statistical Methods,S10,"Sampling Distributions: Sample Mean, Sample Variance, t, Chi-square, F",PLAIN,EXPR,C,N,,"Let $(X_1,\ldots,X_{53})$ be a random sample from $N(0,1)$. If for some $\alpha_i,\beta_i,\gamma_i$: $\sum_{i=1}^{53}\alpha_iX_i=0$, $\sum_{i=1}^{53}\beta_iX_i=0$, $\sum_{i=1}^{53}\gamma_iX_i=0$, the distribution of $\sum_{i=1}^{53}X_i^2$ is: (a) $\chi^2_{52}$ (b) $\chi^2_{50}$ (c) $\chi^2_{49}$ (d) $\chi^2_{53}$"
2025,57,Statistical Methods,S13,"Order Statistics - Minimum, Maximum, Range, Median",PLAIN,EXPR,C,N,,"Let M be the minimum of a random sample of size n from $f(x) = \begin{cases} e^{-(x-\theta)}, & \theta<x<\infty \\ 0, & \text{otherwise} \end{cases}$. What is the distribution of $2n(M-\theta)$? (a) $\chi^2_{(2n)}$ (b) Exponential, mean 2 (c) Exponential, mean 0.5 (d) $\chi^2_{(n)}$"
2025,58,Probability,P5,Standard Continuous Distributions,PLAIN,EXPR,A,N,,"Let $X\sim N(\mu,\sigma^2)$ with $\sigma^2=\mu^2,\ \mu>0$. The expression for $P[(X<-\mu)\mid(X<\mu)]$ in terms of the $N(0,1)$ cdf $\Phi(\cdot)$ is: (a) $\Phi(-2)$ (b) $\Phi(2)$ (c) $1-\Phi(2)$ (d) $2[1-\Phi(2)]$"
2025,59,Statistical Methods,S10,"Sampling Distributions: Sample Mean, Sample Variance, t, Chi-square, F",PLAIN,EXPR,C,N,,"$X_1,\ldots,X_5$ are independent standard normal. A constant C such that $\dfrac{C(X_4+X_5)}{\left(X_1^2+X_2^2+X_3^2\right)^{1/2}}$ has a t-distribution has value: (a) $\sqrt{3/2}$ (b) $\sqrt{3}/2$ (c) $3/2$ (d) $\sqrt{2/3}$"
2025,60,Statistical Methods,S4,Bivariate & Multivariate Data; Association & Contingency,MSA,SEL,A,N,,"For a $2\times2$ table of attributes A, B: | | B | not B | |---|---|---| | A | a | b | | not A | c | d | Q = Yule's Coefficient of Association, Y = Coefficient of Colligation. I. $Q=Y=1$ if $bc=0$ II. $Q=-1$ if $ad=0$ III. $Q=0$ if $ad=bc$ Which are correct? (a) I and II only (b) II and III only (c) I and III only (d) I, II and III"
2025,61,Numerical Analysis,N7,Summation of Series,PLAIN,EXPR,B,N,,What is the function whose first difference is $3x^2+x+4$? (interval of differencing = unity) (a) $4x^2+7x+\lambda$ (b) $2x^3+x^2+\lambda$ (c) $2x^3+x^2+8x+\lambda$ (d) $x^3-x^2+4x+\lambda$
2025,62,Numerical Analysis,N1,"Finite Differences: Operators, Factorial Polynomials, Separation of Symbols",PLAIN,EXPR,B,N,,What is the forward difference approximation for $f''(x_i)$ at $x_i$? (a) $\frac{f_{i+2}-2f_{i+1}+f_i}{h^2}$ (b) $\frac{f_{i-1}-2f_i+f_{i+1}}{h^2}$ (c) $\frac{f_{i+1}+2f_i+f_{i-1}}{h^2}$ (d) $\frac{f_{i+3}-2f_{i+2}-f_{i+1}}{h^2}$
2025,63,Numerical Analysis,N5,Inverse Interpolation,PLAIN,NAME,B,N,,"Let g be such that $y=f(x) \Leftrightarrow x=g(y)$, where $f(x) = \frac{(x-b)(x-c)}{(a-b)(a-c)}\alpha + \frac{(x-a)(x-c)}{(b-a)(b-c)}\beta + \frac{(x-a)(x-b)}{(c-a)(c-b)}\gamma$, with $a<b<c$ and $\alpha<\beta<\gamma$ real. What is $g(\beta)$? (a) $\beta$ (b) $a$ (c) $b$ (d) $\alpha$"
2025,64,Numerical Analysis,N3,Divided Differences; Newton's & Lagrange's Formulae (Unequal Intervals),PLAIN,NUM,A,N,,"Let $f(x)=x+x^3+x^5$. If $g(x)$ is a quadratic polynomial via Lagrange's interpolation with $g(f(0))=0,\ g(f(1))=1,\ g(f(2))=2$, what is $g(13)$? (a) $70/19$ (b) $71/21$ (c) $71/20$ (d) $70/21$"
2025,65,Numerical Analysis,N8,"Numerical Solution of Differential Equations - Euler, Milne, Picard, Runge-Kutta",PLAIN,NUM,B,N,,"If $y_4(x)$ is the $4^{th}$ Picard iterate for $\frac{dy}{dx}=1+x^2+y^2;\ y(1)=2$, what is $y_4(1)$? (a) 1 (b) 2 (c) 3 (d) 4"
2025,66,Numerical Analysis,N1,"Finite Differences: Operators, Factorial Polynomials, Separation of Symbols",MSA,SEL,A,N,,In respect of forward and backward operators ($\Delta$ and $\nabla$): I. $\Delta-\nabla=\Delta\nabla$ II. $\nabla-\Delta=\nabla\Delta$ III. $\Delta+\nabla=\Delta\nabla$ IV. $\Delta+\nabla=-\Delta\Delta$ Which is/are correct? (a) I only (b) II only (c) I and III (d) II and IV
2025,67,Numerical Analysis,N1,"Finite Differences: Operators, Factorial Polynomials, Separation of Symbols",PLAIN,NUM,A,N,,What is $\frac{\Delta^{100}}{E}(x^{100})$? (interval of differencing = unity) (a) $100!$ (b) $100!-99!$ (c) $100!-1$ (d) $100!-99!+1$
2025,68,Numerical Analysis,N4,"Central Difference Formulae - Gauss, Stirling, Bessel; Error Terms",TBL,NUM,A,N,,Consider the data: | x | 6.1 | 6.2 | 6.3 | 6.4 | |---|---|---|---|---| | f(x) | −0.1998 | −0.2223 | −0.2422 | −0.2596 | What is the approximate $f''(6.3)$ with error $O(h^2)$ using the central difference operator? (a) 0.27 (b) 0.25 (c) 0.23 (d) 0.21
2025,69,Numerical Analysis,N6,"Numerical Integration - Trapezoidal, Simpson's 1/3 & 3/8, Weddle's Rule",PLAIN,NUM,A,N,,"What is the approximate value of $\int_0^1 x^3\,dx$ using the quadrature formula $\int_0^1 f(x)\,dx = \alpha f(0)+\beta f(x_1)$, exact for polynomials of as high a degree as possible? (a) 1/4 (b) 1/9 (c) 2/3 (d) 2/9"
2025,70,Numerical Analysis,N3,Divided Differences; Newton's & Lagrange's Formulae (Unequal Intervals),PLAIN,NUM,A,N,,"Given $f(0)=8,\ f(1)=11,\ f(4)=68,\ f(5)=120$. What is the approximate $f(2)$ via Lagrange's interpolation formula? (a) 16.6 (b) 17.6 (c) 18.6 (d) 19.6"
2025,71,Computer Application and Data Processing,C9,"Programming Basics: Algorithm, Flowchart, Control Structures, Arrays, Functions",PLAIN,NAME,A,N,,"Which statement best describes the use of flowcharts in problem solving? (a) Flowcharts are used to visualize data structure. (b) Flowcharts are used to create graphical user interfaces. (c) Flowcharts consist of short, readable, formally-styled English statements. (d) Flowcharts are diagrammatic representations of the logic for solving a task."
2025,72,Computer Application and Data Processing,C6,"Languages, Compiler, Assembler, Interpreter; Low & High Level",PLAIN,NAME,A,N,,What is the main purpose of the linker in the compilation process? (a) To perform optimization of compiled code (b) To translate source code into machine code (c) To check syntax of the program (d) To combine object files and libraries into an executable program
2025,73,Computer Application and Data Processing,C10,"Data, Information, Database & DBMS; Frontend/Backend",MSA,SEL,B,N,,"Which are characteristics of virtual reality? I. It is created using multimedia. II. It enables users to move and react in a computer-simulated environment. III. It stimulates senses like sight, hearing, and touch. (a) I and II only (b) II and III only (c) I and III only (d) I, II and III"
2025,74,Computer Application and Data Processing,C10,"Data, Information, Database & DBMS; Frontend/Backend",PLAIN,NAME,B,N,,Multimedia combines different media types. How many of the following are part of multimedia? I. Text II. Video III. Audio IV. Graphics and Images V. Animation (a) Only two (b) Only three (c) Only four (d) All five
2025,75,Computer Application and Data Processing,C7,"Networks: LAN, WAN, Internet, Intranet",MSA,SEL,A,N,,"In respect of the working of a router: I. It interconnects computer networks. II. It determines on which outgoing link an IP packet is forwarded. III. The destination address of the IP packet is examined and it is routed to the next router. Which are correct? (a) I and II only (b) II and III only (c) I and III only (d) I, II and III"
2025,76,Computer Application and Data Processing,C9,"Programming Basics: Algorithm, Flowchart, Control Structures, Arrays, Functions",PLAIN,NAME,B,N,,In which construct is the same set of statements executed several times based on a specified condition? (a) If-Then (b) If-Then-Else (c) Do-While (d) Case Type
2025,77,Computer Application and Data Processing,C3,"Memory: RAM, ROM, Cache; Units of Memory & Storage Capacity",MSA,SEL,A,N,,"About virtual memory in a computer system: I. It provides large addressable space without worrying about physical memory size limits. II. It provides efficient sharing of main memory among users in a multiprogrammed OS. III. It provides a large secondary memory. Which are correct? (a) I and II only (b) II and III only (c) I and III only (d) I, II and III"
2025,78,Computer Application and Data Processing,C8,"Computer Security: Virus, Antivirus, Firewall, Spyware, Malware",PLAIN,NAME,A,N,,"A packet filter firewall can: (a) filter specific users from accessing network services. (b) block all IP packets from entering the networks. (c) check all IP packets and, if valid, allow entry or exit. (d) block any kind of viruses from entering the networks."
2025,79,Computer Application and Data Processing,C7,"Networks: LAN, WAN, Internet, Intranet",PLAIN,NUM,A,N,,Wi-Fi is often used as a synonym for which IEEE technology? (a) 802.1 (b) 802.5 (c) 802.9 (d) 802.11
2025,80,Computer Application and Data Processing,C1,"Computer Organisation: CPU, ALU, Control & Memory Units, I/O Units",PLAIN,NAME,B,N,,AND and OR operations are part of which unit of the CPU? (a) Arithmetic Unit (b) Logic Unit (c) Control Unit (d) Main Memory Unit
2026,1,Probability,P6,"Random Vectors: Joint, Marginal & Conditional Distributions",PLAIN,NUM,A,Y,"> **Shared data for Q1–Q3.** X and Y have discrete joint distribution > $$P(X=x,Y=y) = \begin{cases} c|x+y| & \text{for } x,y \in \{-2,-1,0,1,2\} \\ 0 & \text{otherwise} \end{cases}$$",What is $\mathrm{Var}(X)$ equal to? (a) 2.7 (b) 2.4 (c) 2.35 (d) 1.17
2026,2,Probability,P6,"Random Vectors: Joint, Marginal & Conditional Distributions",PLAIN,NUM,A,Y,"> **Shared data for Q1–Q3.** X and Y have discrete joint distribution > $$P(X=x,Y=y) = \begin{cases} c|x+y| & \text{for } x,y \in \{-2,-1,0,1,2\} \\ 0 & \text{otherwise} \end{cases}$$",What is $E(Y \mid X=1)$ equal to? (a) 1/7 (b) 3/7 (c) 4/7 (d) 6/7
2026,3,Probability,P6,"Random Vectors: Joint, Marginal & Conditional Distributions",PLAIN,NUM,A,Y,"> **Shared data for Q1–Q3.** X and Y have discrete joint distribution > $$P(X=x,Y=y) = \begin{cases} c|x+y| & \text{for } x,y \in \{-2,-1,0,1,2\} \\ 0 & \text{otherwise} \end{cases}$$",What is $P(|X-Y|\le 1)$ equal to? (a) 0.06 (b) 0.7 (c) 0.12 (d) 0.41
2026,4,Probability,P5,Standard Continuous Distributions,PLAIN,EXPR,A,Y,"> **Shared data for Q4–Q5.** Let $f_X(x)$ be the pdf of $N(0,1)$ and $\Phi(x)=\int_{-\infty}^x f_X(\theta)\,d\theta$.",What is $\Phi(-100)$ equal to? (a) $-\Phi(100)$ (b) $1-\Phi(100)$ (c) $\frac{1}{2}\Phi(100)$ (d) $\frac{1}{2}-\Phi(100)$
2026,5,Probability,P5,Standard Continuous Distributions,PLAIN,NUM,A,Y,"> **Shared data for Q4–Q5.** Let $f_X(x)$ be the pdf of $N(0,1)$ and $\Phi(x)=\int_{-\infty}^x f_X(\theta)\,d\theta$.","What is $\displaystyle\int_{-10}^{10}\int_{-y}^{y} f_X(x)\,dx\,dy$ equal to? (a) 1/2 (b) 1/4 (c) 0 (d) 1/3"
2026,6,Probability,P6,"Random Vectors: Joint, Marginal & Conditional Distributions",PLAIN,NUM,A,Y,"> **Shared data for Q6–Q7.** The joint pdf of X and Y is > $$f(x,y) = \begin{cases} \dfrac{2(x+2y)}{3}, & 0<x<1,\ 0<y<1 \\ 0, & \text{elsewhere} \end{cases}$$",What is $E[X \mid Y=0.5]$? (a) 1/9 (b) 1/3 (c) 5/9 (d) 7/9
2026,7,Probability,P6,"Random Vectors: Joint, Marginal & Conditional Distributions",PLAIN,NUM,A,Y,"> **Shared data for Q6–Q7.** The joint pdf of X and Y is > $$f(x,y) = \begin{cases} \dfrac{2(x+2y)}{3}, & 0<x<1,\ 0<y<1 \\ 0, & \text{elsewhere} \end{cases}$$",What is the conditional variance of X given $Y=0.5$? (a) 11/162 (b) 13/162 (c) 5/54 (d) 17/162
2026,8,Probability,P6,"Random Vectors: Joint, Marginal & Conditional Distributions",PLAIN,EXPR,A,Y,"> **Shared data for Q8–Q9.** The joint pdf of (X, Y) is > $$f(x,y) = \begin{cases} x^2+\dfrac{xy}{3}, & 0<x<1,\ 0<y<2 \\ 0, & \text{otherwise} \end{cases}$$","The conditional density of Y given X is: (a) $\dfrac{3x+y}{2(3x+1)};\ 0<y<2,\ 0<x<1$ (b) $\dfrac{x(3x+y)}{2x(3+x)};\ 0<y<2,\ 0<x<1$ (c) $\dfrac{x(3+y)}{3x+1};\ 0<y<2,\ 0<x<1$ (d) $\dfrac{3x+y}{x(6+y)};\ 0<y<2,\ 0<x<1$"
2026,9,Probability,P6,"Random Vectors: Joint, Marginal & Conditional Distributions",PLAIN,EXPR,A,Y,"> **Shared data for Q8–Q9.** The joint pdf of (X, Y) is > $$f(x,y) = \begin{cases} x^2+\dfrac{xy}{3}, & 0<x<1,\ 0<y<2 \\ 0, & \text{otherwise} \end{cases}$$","The conditional density of X given Y is: (a) $\dfrac{x(3x+y)}{2x(3+x)};\ 0<x<1,\ 0<y<2$ (b) $\dfrac{3x+y}{x(6+y)};\ 0<x<1,\ 0<y<2$ (c) $\dfrac{2x(3x+y)}{2+y};\ 0<x<1,\ 0<y<2$ (d) $\dfrac{x(6x+y)}{2+xy};\ 0<x<1,\ 0<y<2$"
2026,10,Probability,P4,Standard Discrete Distributions,PLAIN,NUM,B,N,,"X, Y, Z are independent. X and Y each have a geometric distribution with parameter 1/2, and Z has a negative binomial distribution with parameters 3 and p. $E(X+Y-Z)=0$ if and only if p equals: (a) 1/3 (b) 3/4 (c) 2/5 (d) 3/5"
2026,11,Probability,P7,Distributions of Functions of Random Variables,PLAIN,NAME,C,N,,"If $X\sim N(0,1)$ and $Y\sim N(0,1)$ are independent, the distribution of $X/Y$ is: (a) Chi-square with 2 df (b) Cauchy(0,1) (c) Cauchy(1,1) (d) F-distribution with df (1,1)"
2026,12,Probability,P2,"Conditional Probability, Law of Total Probability, Bayes' Theorem",PLAIN,NUM,A,N,,"Three identical urns contain white/black balls: urn 1 has 2 white, 3 black; urn 2 has 3 white, 5 black; urn 3 has 5 white, 2 black. An urn is chosen at random and a ball drawn. Given the ball is white, what is the probability the second urn was chosen? (a) 35/139 (b) 200/417 (c) 112/417 (d) 105/139"
2026,13,Statistical Methods,S6,Bivariate Normal Distribution,PLAIN,NUM,A,N,,"(X, Y) has a bivariate normal distribution with $\mu_x=5,\ \mu_y=8,\ \sigma_x^2=16,\ \sigma_y^2=9,\ \rho_{xy}=0.6$. What is the regression coefficient of Y on X? (a) 7/16 (b) 9/20 (c) 1/2 (d) 3/8"
2026,14,Probability,P5,Standard Continuous Distributions,PLAIN,EXPR,C,N,,X is a continuous random variable whose density is constant on $a\le x\le b$ and zero elsewhere. What is the standard deviation of X? (a) $(2a+b)/(2\sqrt3)$ (b) $(b-a)/(2\sqrt3)$ (c) $(a+b)/2$ (d) $(b-a)/2$
2026,15,Probability,P8,Mathematical Expectation & Conditional Expectation,PLAIN,NUM,A,N,,"X has pmf $p(x)=x/15$, for $x=1,2,3,4,5$. What is $E(X \mid x>1)$? (a) 27/7 (b) 45/14 (c) 15/7 (d) 15/14"
2026,16,Probability,P2,"Conditional Probability, Law of Total Probability, Bayes' Theorem",PLAIN,NUM,B,N,,"X has distribution $f(x) = \begin{cases} \frac{1}{12}, & 0<x<12 \\ 0, & \text{otherwise} \end{cases}$. What is $P(5<X<7 \mid X>6)$? (a) 1/3 (b) 3/4 (c) 2/3 (d) 1/6"
2026,17,Probability,P4,Standard Discrete Distributions,PLAIN,NUM,A,N,,"X has a binomial distribution with parameters n, p, and $q=1-p$. What is $P[X=0 \text{ or even}]$? (a) $2(q-p)^n$ (b) $[1+(q-p)^n]/2$ (c) $[1-(q-p)^n]/2$ (d) $1+(q-p)^n$"
2026,18,Probability,P9,"Characteristic Function, MGF & PGF; Inversion, Uniqueness, Continuity",PLAIN,NUM,A,N,,"$X_1,X_2,\ldots$ are iid, $S_N=X_1+X_2+\cdots+X_N$ where N is a random variable independent of the $X_i$. If $M_{X_1}(t)=E(e^{tX_1})$, the MGF of $S_N$ is: (a) $\log(\log M_{X_1}(t))$ (b) $M_N(\log M_{X_1}(t))$ (c) $M_{X_1}(\log M_N(t))$ (d) $M_N(e^{M_{X_1}(t)})$"
2026,19,Probability,P6,"Random Vectors: Joint, Marginal & Conditional Distributions",PLAIN,NUM,A,N,,"The joint pdf of X and Y is $f(x,y) = \begin{cases} \frac{21}{2}x^2y, & x^2\le y,\ 0<x<1 \\ 0, & \text{otherwise} \end{cases}$. What is $P(X\ge Y)$? (a) 0.7 (b) 0.3 (c) 0.12 (d) 0.88"
2026,20,Probability,P1,"Classical & Axiomatic Probability, Consequences",PLAIN,NUM,A,N,,"X is chosen at random between 0 and 6, and Y at random between 0 and 9. What is the probability that $Z^2-XZ+Y=0$ has real roots? (a) 1/2 (b) 1/3 (c) 2/3 (d) 1/4"
2026,21,Probability,P6,"Random Vectors: Joint, Marginal & Conditional Distributions",PLAIN,NUM,A,N,,"X and Y have joint pdf $f(x,y)=\frac{1}{3}(x+y);\ 0\le x\le1,\ 0\le y\le2$. What is $E[Y \mid X=\tfrac12]$? *(corrected from ""X = 2"" — see note above)* (a) 8/9 (b) 10/9 (c) 11/9 (d) 13/9"
2026,22,Statistical Methods,S8,"Correlation: Distribution of r, Partial, Multiple, Intraclass, Correlation Ratio",PLAIN,NUM,C,N,,How many pairs of observations (n) must be in a sample so that an observed correlation coefficient of 0.6 gives a calculated t greater than 2.72? (a) $n<10$ (b) $10<n<13$ (c) $13<n<15$ (d) $n>15$
2026,23,Statistical Methods,S8,"Correlation: Distribution of r, Partial, Multiple, Intraclass, Correlation Ratio",PLAIN,NUM,A,N,,"$b_{13.2}$ is the regression coefficient of $X_1$ on $X_3$ (holding $X_2$), and $b_{31.2}$ is that of $X_3$ on $X_1$ (holding $X_2$). What is $b_{13.2}\times b_{31.2}$? (a) $r_{12.3}^2$ (b) $r_{13.2}^2$ (c) $r_{23.1}^2$ (d) $r^2$"
2026,24,Statistical Methods,S10,"Sampling Distributions: Sample Mean, Sample Variance, t, Chi-square, F",PLAIN,EXPR,C,N,,"$(X_1,\ldots,X_n)$ is a random sample from $N(\mu,\sigma^2)$. What is the distribution of $\dfrac{ns^2}{\sigma^2}$, where $s^2=\frac1n\sum_{i=1}^n(X_i-\bar X)^2$? (a) $\chi^2_{(n)}$ (b) $\chi^2_{(2n)}$ (c) $\chi^2_{(n-1)}$ (d) $\chi^2_{(2n-2)}$"
2026,25,Statistical Methods,S8,"Correlation: Distribution of r, Partial, Multiple, Intraclass, Correlation Ratio",PLAIN,NUM,C,N,,"If $r(2x,y)=0.25$, what is $r\!\left(4x-3,\ \dfrac{7-4y}{8}\right)$? (a) 1/4 (b) 1/8 (c) $-1/4$ (d) $-1/8$"
2026,26,Statistical Methods,S13,"Order Statistics - Minimum, Maximum, Range, Median",PLAIN,NUM,A,N,,"Let $Y_1\le Y_2\le\cdots\le Y_6$ be order statistics from $F(x)=1-e^{-\lambda x}$, $\lambda=0.5$. What is the cdf of $Y_1$? (a) $1-e^{y/2}$ (b) $1-e^{y/3}$ (c) $1-e^{3y}$ (d) $1-e^{-3y}$"
2026,27,Statistical Methods,S8,"Correlation: Distribution of r, Partial, Multiple, Intraclass, Correlation Ratio",MSA,SEL,A,N,,"$R_{i.jk}$ is the multiple correlation coefficient, $r_{ij}$ the simple correlation coefficient, and $\sigma_i$ the standard deviation of $X_i$. Consider: I. $R_{1.23}^2 = \sigma_1^2\sigma_2^2(1-r_{12}^2)(1-r_{13})^2$ II. $R_{1.23}^2 \ge r_{12}^2$ III. $R_{1.23}^2 \ge r_{13.2}^2$ Which are correct? (a) I and II only (b) II and III only (c) I and III only (d) I, II and III"
2026,28,Statistical Methods,S2,Measures of Location & Dispersion,PLAIN,NUM,B,N,,"Sample 1 has 100 items, mean 15, sd 3. The whole group (250 items) has mean 15.6, sd $\sqrt{13.44}$. What is the variance of the second group? (a) 16 (b) 12 (c) 4 (d) 2"
2026,29,Statistical Methods,S6,Bivariate Normal Distribution,MSA,SEL,A,N,,"$(X,Y)\sim BVN(\mu_1,\mu_2,\sigma_1^2,\sigma_2^2,\rho)$. If $\sigma_1^2=2,\ \sigma_2^2=3,\ \rho=0$, consider: I. $E(X)=E(Y)$ II. $E(XY)=2$ III. X and Y are independent Which is/are correct? (a) I only (b) II only (c) III (d) I and II"
2026,30,Statistical Methods,S7,Regression - Linear & Polynomial,PLAIN,NAME,A,N,,"The joint pdf of X and Y is $f(x,y)=\dfrac{y}{(1+x)^4}e^{\frac{-y}{1+x}};\ x,y\ge0$. The regression of Y on X is: (a) exponential (b) linear (c) polynomial of degree 2 (d) polynomial of degree 3"
2026,31,Statistical Methods,S11,Tests of Significance & Small Sample Tests,PLAIN,EXPR,B,N,,"Normal populations $\pi_1,\pi_2$ have equal means, but the sd of $\pi_2$ is twice that of $\pi_1$ (sd $\sigma$). In samples of size 2000 from each, the difference of sample means is, in all probability: (a) less than $0.05\sigma$ (b) less than $0.15\sigma$ (c) greater than $0.05\sigma$ (d) greater than $0.15\sigma$"
2026,32,Statistical Methods,S11,Tests of Significance & Small Sample Tests,PLAIN,NAME,B,N,,"Mean height of 50 male students with above-average athletic participation: 68.2 in, sd 2.5 in. 50 students with no interest: mean 67.5 in, sd 2.8 in. For the observed difference to be significant at 5% (critical Z = 1.645), the sample size of each group must be increased by: (a) at least 78 (b) at most 78 (c) at least 28 (d) at most 28"
2026,33,Statistical Methods,S10,"Sampling Distributions: Sample Mean, Sample Variance, t, Chi-square, F",PLAIN,NUM,C,N,,"A normal population has mean 0.1, sd 2.1. For a random sample of size 900, what is $P(\bar x<0)$? [Given $P(0<Z<1.43)=0.4236$] (a) 0.0764 (b) 0.4236 (c) 0.5764 (d) 0.9236"
2026,34,Statistical Methods,S9,Standard Errors & Large Sample Tests,MSA,SEL,B,N,,"Sampling without replacement: $V(\bar x)=\dfrac{\sigma^2}{n}\left(\dfrac{N-n}{N-1}\right)$. Under which condition(s) is the factor $\dfrac{N-n}{N-1}$ ignored? I. n is small compared to N II. $n=N$ III. Population is infinite (a) I only (b) III only (c) I and III only (d) I, II and III"
2026,35,Statistical Methods,S10,"Sampling Distributions: Sample Mean, Sample Variance, t, Chi-square, F",PLAIN,NUM,C,N,,"A random sample of size 5 is from a normal population with mean 2.5, variance 36. What is the probability that $S^2=\frac{1}{n-1}\sum_{i=1}^n(X_i-\bar X)^2$ lies between 27 and 45? [Given $P(\chi_4^2\ge3)=0.55783$, $P(\chi_4^2\le5)=0.71270$] (a) 0.15487 (b) 0.84513 (c) 0.27053 (d) 0.34513"
2026,36,Statistical Methods,S11,Tests of Significance & Small Sample Tests,PLAIN,EXPR,B,N,,"The t-statistic for a sample is 3. If the sample variance is doubled, the new t-statistic becomes: (a) 6 (b) 3/2 (c) $3/\sqrt2$ (d) $1/\sqrt2$"
2026,37,Statistical Methods,S12,Non-parametric Tests,PLAIN,NAME,A,N,,The Kruskal-Wallis test is exactly equivalent to one-way ANOVA when: (a) data are normal (b) population distributions are identical and normal (c) sample sizes are equal (d) all observations are replaced by their ranks
2026,38,Statistical Methods,S13,"Order Statistics - Minimum, Maximum, Range, Median",PLAIN,NUM,A,N,,"If $X\sim U(0,1)$, what is $P(X_{(1)}>x)$? (a) $1-x^n$ (b) $(1-x)^n$ (c) $nx^{n-1}$ (d) $x^n$"
2026,39,Statistical Methods,S13,"Order Statistics - Minimum, Maximum, Range, Median",PLAIN,SEL,C,N,,"For a sample of odd size n from $U(0,1)$, the mean and variance of the distribution of the median are respectively: (a) 1/2 and 1/4 (b) 1/2 and $1/(4n+8)$ (c) 1/4 and $(n-3)/(2n+4)$ (d) Both do not exist"
2026,40,Statistical Methods,S2,Measures of Location & Dispersion,PLAIN,NUM,B,N,,"What is the mean of the numbers $1\cdot n^2,\ 2\cdot(n-1)^2,\ 3\cdot(n-2)^2,\ \ldots,\ n\cdot1^2$? (a) $(n+1)^2(n+2)/12$ (b) $(n+1)^2/4$ (c) $n(n+1)^2/12$ (d) $(n+2)^2(n+4)/12$"
2026,41,Numerical Analysis,N1,"Finite Differences: Operators, Factorial Polynomials, Separation of Symbols",PLAIN,EXPR,A,N,,"If the interval of difference is h, what is $\Delta[\log f(x)]$? (a) $\log\!\left[1+\dfrac{Ef(x)}{f(x)}\right]$ (b) $\log\!\left[1-\dfrac{\Delta f(x)}{f(x)}\right]$ (c) $\log\!\left[1+\dfrac{\Delta f(x)}{f(x)}\right]$ (d) $\log\!\left[1-\dfrac{Ef(x)}{f(x)}\right]$"
2026,42,Numerical Analysis,N1,"Finite Differences: Operators, Factorial Polynomials, Separation of Symbols",TBL,NUM,B,N,,A cubic polynomial $f(x)$ has values: | x | 0 | 1 | 2 | 3 | |---|---|---|---|---| | f(x) | 1 | 0 | 1 | 10 | What is $f(4)$? (a) 35 (b) 33 (c) 31 (d) 29
2026,43,Numerical Analysis,N3,Divided Differences; Newton's & Lagrange's Formulae (Unequal Intervals),MSA,SEL,A,N,,"Consider: I. The $(n+1)^{th}$ divided differences of an $n$th-degree polynomial are zero (n a natural number). II. The $n$th divided difference for a degree-n polynomial can be expressed as the quotient of two determinants, each of order n. Which is/are correct? (a) I only (b) II only (c) Both I and II (d) Neither I nor II"
2026,44,Numerical Analysis,N3,Divided Differences; Newton's & Lagrange's Formulae (Unequal Intervals),PLAIN,NUM,A,N,,"Using Newton's divided difference formula, the lowest possible degree of $p(x)$ assuming values 48, 100, 294, 900, 1210, 2028 at $x=4,5,7,10,11,13$ respectively, is: (a) 3 (b) 4 (c) 5 (d) 6"
2026,45,Numerical Analysis,N1,"Finite Differences: Operators, Factorial Polynomials, Separation of Symbols",PLAIN,NUM,A,N,,"If the interval of difference is h, what is $\left(\dfrac{\Delta^2}{E}\right)e^x \times \dfrac{Ee^x}{\Delta^2e^x}$? (a) 1 (b) $e^{-x}$ (c) $e^{x+h}$ (d) $e^x$"
2026,46,Numerical Analysis,N3,Divided Differences; Newton's & Lagrange's Formulae (Unequal Intervals),PLAIN,NUM,A,N,,"The third divided difference of $(x^3-2x)$ with arguments 2, 4, 9, 10 is: (a) 1 (b) 2 (c) 3 (d) 4"
2026,47,Numerical Analysis,N1,"Finite Differences: Operators, Factorial Polynomials, Separation of Symbols",PLAIN,EXPR,B,N,,What is $\mu[f(x)g(x)]$? (a) $\delta f(x)\delta g(x) + \frac14\mu f(x)\mu g(x)$ (b) $\mu f(x)\mu g(x) + \frac14\delta f(x)\delta g(x)$ (c) $\mu f(x)\delta g(x) + \delta f(x)\mu g(x)$ (d) $\frac14[\mu f(x)\delta g(x) + \delta f(x)\mu g(x)]$
2026,48,Numerical Analysis,N8,"Numerical Solution of Differential Equations - Euler, Milne, Picard, Runge-Kutta",PLAIN,EXPR,A,N,,"Which is the second Picard iterate of $\dfrac{dy}{dx}=1+x+y,\ y(0)=1$? (a) $1+3x+x^2+\dfrac{x^3}{6}$ (b) $1+2x+\dfrac32x^2+\dfrac{x^3}{6}$ (c) $1+x+\dfrac32x^2+\dfrac{x^3}{6}$ (d) $1+2x-\dfrac32x^2+\dfrac{x^3}{6}$"
2026,49,Numerical Analysis,N1,"Finite Differences: Operators, Factorial Polynomials, Separation of Symbols",PLAIN,NUM,A,N,,"If the interval of difference is 1, what is $\Delta^4[(x-1)(1-2x)(1-3x)(1-4x)]$? (a) 576 (b) 24 (c) $-24$ (d) $-576$"
2026,50,Numerical Analysis,N6,"Numerical Integration - Trapezoidal, Simpson's 1/3 & 3/8, Weddle's Rule",TBL,NUM,A,N,,Consider the table: | x | 0 | 1/4 | 1/2 | 3/4 | 1 | |---|---|---|---|---|---| | f(x) | 1 | 4/5 | 2/3 | 4/7 | 1/2 | Apply Simpson's one-third rule with 4 equal subintervals to estimate the area A bounded by the curve and x-axis from $x=0$ to $x=1$. What is $2520A$? (a) 1547 (b) 1650 (c) 1747 (d) 1850
2026,51,Numerical Analysis,N6,"Numerical Integration - Trapezoidal, Simpson's 1/3 & 3/8, Weddle's Rule",PLAIN,NUM,A,N,,"Given $f(1)=1,\ f(2)=0.5,\ f(3)=0.3,\ f(4)=0.25,\ f(5)=0.20$. What is $\int_1^5 f(x)\,dx$ estimated by the trapezoidal rule? (a) 1.45 (b) 1.55 (c) 1.65 (d) 1.75"
2026,52,Numerical Analysis,N6,"Numerical Integration - Trapezoidal, Simpson's 1/3 & 3/8, Weddle's Rule",PLAIN,NUM,A,N,,"With the same data as Q51, what is $\int_1^5 f(x)\,dx$ estimated by Simpson's one-third rule? (a) 1.60 (b) 1.62 (c) 1.65 (d) 1.68"
2026,53,Numerical Analysis,N6,"Numerical Integration - Trapezoidal, Simpson's 1/3 & 3/8, Weddle's Rule",PLAIN,EXPR,A,N,,"The global truncation error estimate for the trapezoidal rule on $\int_a^b f(x)\,dx$, partitioned into n subintervals with $h=\frac{b-a}{n}$, $\xi\in[a,b]$, is: (a) $-\frac12 nh^2f'(\xi)$ (b) $-\frac{1}{12}nh^3f''(\xi)$ (c) $-\frac{3}{80}nh^5f^{iv}(\xi)$ (d) $\frac12 nh^2f''(\xi)$"
2026,54,Numerical Analysis,N8,"Numerical Solution of Differential Equations - Euler, Milne, Picard, Runge-Kutta",PLAIN,NUM,A,N,,"$\dfrac{dy}{dx}=\dfrac{y-x}{y+x}; y(0)=1$, step $h=0.05$. Using forward Euler, what is the approximate $y(0.1)$? (a) 1.005 (b) 1.05 (c) 1.10 (d) 1.50"
2026,55,Numerical Analysis,N8,"Numerical Solution of Differential Equations - Euler, Milne, Picard, Runge-Kutta",PLAIN,SEL,A,N,,"Backward Euler method solves $\dfrac{dy}{dx}=-8y;\ y(0)=1$. Which is correct? (a) For any $h>0$, absolutely stable (b) Absolutely stable only for $h<1/8$ (c) Absolutely stable only for $h<1/4$ (d) Absolutely stable only for $h<1$"
2026,56,Numerical Analysis,N3,Divided Differences; Newton's & Lagrange's Formulae (Unequal Intervals),PLAIN,EXPR,A,N,,An estimate of the truncation error $e(x)$ in the Lagrange interpolation polynomial is given by (with $x_0\le\xi\le x_n$): (a) $\dfrac{(x-x_0)(x-x_1)\cdots(x-x_n)}{(n+1)!}y^n(\xi)$ (b) $\dfrac{(x-x_0)(x-x_1)\cdots(x-x_n)}{(n+1)!}y^{n+1}(\xi)$ (c) $\dfrac{(x-x_0)(x-x_1)\cdots(x-x_n)}{n!}y^{n-1}(\xi)$ (d) $\dfrac{(x-x_0)(x-x_1)\cdots(x-x_n)}{n!}y^n(\xi)$
2026,57,Numerical Analysis,N8,"Numerical Solution of Differential Equations - Euler, Milne, Picard, Runge-Kutta",PLAIN,NUM,A,N,,"$\dfrac{du}{dt}=-2tu^2;\ u(0)=1$, step $h=0.2$. Using forward Euler, what is the estimated $u(0.4)$? (a) 0.84 (b) 0.86 (c) 0.92 (d) 0.96"
2026,58,Numerical Analysis,N7,Summation of Series,PLAIN,NAME,B,N,,"If $-1<x<1$, what is the product $(1+x+x^2+x^3+\cdots)(1-x+x^2-x^3+\cdots)$? (a) $1+x^2+x^4+x^6+\cdots$ (b) $1-x^2+x^4-x^6+\cdots$ (c) $1-x^2+x^6-x^{10}+\cdots$ (d) $1+x^2+x^6+x^{10}+\cdots$"
2026,59,Numerical Analysis,N1,"Finite Differences: Operators, Factorial Polynomials, Separation of Symbols",PLAIN,NUM,A,N,,"Let $P=\left[\binom{n}{1}+\binom{n}{2}\Delta+\binom{n}{3}\Delta^2+\cdots+\binom{n}{n}\Delta^{n-1}\right]y_1$ and $Q=y_1+y_2+\cdots+y_n$. If the interval of difference $h=1$, what is $P/Q$? (a) 1 (b) n (c) $2n+1$ (d) $n^2$"
2026,60,Numerical Analysis,N8,"Numerical Solution of Differential Equations - Euler, Milne, Picard, Runge-Kutta",PLAIN,NUM,A,N,,Forward Euler solves $\dfrac{dy}{dx}=-20y;\ y(0)=1$ with step h. For which value of h is the method absolutely stable? (a) 0.05 (b) 0.15 (c) 0.25 (d) 0.35
2026,61,Computer Application and Data Processing,C6,"Languages, Compiler, Assembler, Interpreter; Low & High Level",PLAIN,NAME,A,N,,Which is the central part of the UNIX OS that manages and controls communication between hardware and software components? (a) Shell (b) Kernel (c) Compiler (d) Device driver
2026,62,Computer Application and Data Processing,C7,"Networks: LAN, WAN, Internet, Intranet",PLAIN,NUM,A,N,,Which IEEE wireless standard has the maximum data rate (Mbps)? (a) 802.11a (b) 802.11ad (c) 802.11g (d) 802.11b
2026,63,Computer Application and Data Processing,C4,Number Systems & Binary Arithmetic,MSA,SEL,A,N,,Consider: I. The equivalent octal number of decimal 45796 is 131344. II. The equivalent hexadecimal number of octal 365 is 0F5. Which is/are correct? (a) I only (b) II only (c) Both I and II (d) Neither I nor II
2026,64,Computer Application and Data Processing,C5,"Software, Operating Systems, Packages & Utilities",NEG,NAME,A,N,,Which of the following is *not* a process state? (a) Ready (b) Executing (c) Deadlock (d) Terminated
2026,65,Computer Application and Data Processing,C5,"Software, Operating Systems, Packages & Utilities",PLAIN,NAME,B,N,,Paging with swapping is also known as: (a) demand paging (b) segmentation (c) swapping (d) None of the above
2026,66,Computer Application and Data Processing,C3,"Memory: RAM, ROM, Cache; Units of Memory & Storage Capacity",PLAIN,NAME,A,N,,What is the fixed length of the instruction format used in RISC processors? (a) 30 bits (b) 16 bits (c) 32 bits (d) 24 bits
2026,67,Computer Application and Data Processing,C6,"Languages, Compiler, Assembler, Interpreter; Low & High Level",MSA,SEL,B,N,,"In respect of Python: I. It can be used to create web applications. II. It is an interpreted language. III. It is platform-independent. Which are correct? (a) I and II only (b) II and III only (c) I and III only (d) I, II and III"
2026,68,Computer Application and Data Processing,C8,"Computer Security: Virus, Antivirus, Firewall, Spyware, Malware",PLAIN,NUM,B,N,,Which is an International Standard for Information Security Management? (a) ISO/IEC 27001 (b) ISO 9001 (c) ISO 14001 (d) ISO 45001
2026,69,Computer Application and Data Processing,C7,"Networks: LAN, WAN, Internet, Intranet",PLAIN,NAME,A,N,,Which protocol determines the MAC address corresponding to an IP address? (a) TCP (b) FTP (c) ARP (d) SMTP
2026,70,Computer Application and Data Processing,C6,"Languages, Compiler, Assembler, Interpreter; Low & High Level",PLAIN,NAME,A,N,,The UNIX operating system is written in which language? (a) C (b) COBOL (c) JAVA (d) FORTRAN
2026,71,Computer Application and Data Processing,C3,"Memory: RAM, ROM, Cache; Units of Memory & Storage Capacity",PLAIN,NAME,B,N,,What medium is used in optical storage systems for reading and recording data? (a) Ultraviolet light (b) High-energy visible light (c) Laser light (d) Infrared light
2026,72,Computer Application and Data Processing,C2,"Hardware: Input, Output & Peripheral Devices",PLAIN,NAME,A,N,,"A flatbed plotter moves its pin in the X-Y direction. If the pen speed is increased too much, what is the effect on drawing quality? (a) Better resolution (b) No effect (c) Better accuracy (d) Lines may be distorted"
2026,73,Computer Application and Data Processing,C6,"Languages, Compiler, Assembler, Interpreter; Low & High Level",PLAIN,NAME,A,N,,"In an absolute loading scheme, which function is performed by the assembler instead of the loader? (a) Combining object modules (b) Allocation (c) Linking (d) Loading"
2026,74,Computer Application and Data Processing,C8,"Computer Security: Virus, Antivirus, Firewall, Spyware, Malware",PLAIN,NAME,A,N,,"A virus that modifies its code each time it spreads, to evade antivirus detection, is known as: (a) stealth virus (b) multipartite virus (c) polymorphic virus (d) boot sector virus"
2026,75,Computer Application and Data Processing,C2,"Hardware: Input, Output & Peripheral Devices",PLAIN,NAME,A,N,,Which technique lets a peripheral device transfer data continuously without constant CPU intervention? (a) Program-controlled data transfer (b) Direct memory access (c) Polling (d) Interrupt-driven data transfer
2026,76,Computer Application and Data Processing,C8,"Computer Security: Virus, Antivirus, Firewall, Spyware, Malware",PLAIN,NAME,A,N,,"Rohit gets an e-mail saying his credit card will be cancelled unless he clicks a link and signs into his online banking account, which he does. A week later, ₹10,000 is missing from his account. What has Rohit fallen victim to? (a) Trojan Horse (b) Online blackmail (c) Phishing scam (d) Virus"
2026,77,Computer Application and Data Processing,C5,"Software, Operating Systems, Packages & Utilities",PLAIN,NAME,A,N,,A page fault in an operating system: (a) refers to the page used in the previous page reference (b) occurs when a page program occurs in a page memory (c) refers to an access to a page not currently in memory (d) refers to an error specific page
2026,78,Computer Application and Data Processing,C2,"Hardware: Input, Output & Peripheral Devices",PLAIN,NAME,A,N,,"A laser printer has 1200 dpi resolution. For an $8\times10$-inch page, how many total dots can theoretically be printed? (a) 0.096 million (b) 96 million (c) 115.2 million (d) 120 million"
2026,79,Computer Application and Data Processing,C8,"Computer Security: Virus, Antivirus, Firewall, Spyware, Malware",PLAIN,NAME,A,N,,A malware capable of transferring from one computer to another without any user interaction is known as: (a) Trojan (b) worm (c) boot sector virus (d) spyware
2026,80,Computer Application and Data Processing,C1,"Computer Organisation: CPU, ALU, Control & Memory Units, I/O Units",PLAIN,NAME,B,N,,Which is used for storing results produced by the arithmetic and logic unit? (a) Program counter (b) Accumulator (c) Memory address register (d) Instruction register
